,sent_id,receive_id
0,87,80
1,87,80
2,32,80
3,32,80
4,80,81
5,80,185
6,32,80
7,80,81
8,87,80
9,87,80
10,87,80
11,87,80
12,87,80
14,32,80
15,77,80
16,213,80
17,213,80
18,87,80
19,87,213
20,80,87
21,80,185
22,80,185
23,80,87
24,87,80
25,194,80
26,87,80
27,32,80
28,21,80
29,81,80
30,87,80
31,32,80
32,87,80
33,80,185
34,87,80
35,32,32
36,185,80
37,32,80
38,81,80
39,32,80
40,87,80
41,22,32
42,80,160
43,80,87
44,32,80
45,87,80
46,194,80
47,80,87
48,80,87
49,22,32
50,87,80
52,194,80
53,194,80
54,216,80
55,80,87
56,32,80
57,87,80
58,87,80
59,32,80
61,80,185
62,32,80
63,87,80
64,32,80
65,80,87
66,87,80
67,80,185
68,87,80
69,194,80
70,80,185
71,150,80
72,32,80
73,80,87
74,32,80
75,87,80
76,194,80
77,87,80
78,80,81
79,32,80
80,87,80
81,87,80
82,80,32
83,32,80
84,32,80
85,80,87
86,48,80
87,150,80
88,87,80
89,80,150
90,150,48
91,81,80
92,80,150
93,87,80
94,81,80
95,81,80
96,150,80
97,170,201
98,150,80
99,81,80
100,87,80
101,80,81
102,48,87
103,80,150
104,81,80
105,80,87
106,87,80
107,32,80
108,48,80
109,150,80
110,32,80
111,80,150
112,80,150
113,87,80
114,150,80
115,80,150
116,80,150
117,80,150
118,80,116
119,87,80
120,150,80
121,80,87
122,213,80
123,80,150
124,87,80
125,32,80
126,87,80
127,32,80
128,32,80
129,80,32
130,32,80
131,80,32
132,32,80
133,80,87
134,87,80
135,87,80
136,80,32
137,32,80
138,87,80
139,80,87
140,87,80
141,32,80
142,87,80
143,80,150
144,32,80
145,32,80
146,81,80
147,80,87
148,194,80
149,32,80
150,81,80
151,87,80
152,143,80
153,80,32
154,80,32
155,32,80
156,80,87
157,80,81
158,80,81
159,87,80
160,80,185
161,32,80
162,38,80
163,80,185
164,80,160
165,32,80
166,32,80
167,32,80
168,87,80
169,87,80
170,32,80
171,80,32
172,32,80
173,32,80
174,170,80
175,87,80
176,194,80
177,80,185
178,80,87
179,87,80
180,32,80
181,80,160
182,81,80
183,80,150
184,32,80
185,32,80
186,80,150
187,87,80
188,32,80
189,80,150
190,32,87
191,32,80
192,80,150
193,81,80
194,80,150
195,80,150
196,170,32
197,80,150
198,80,87
199,32,80
200,80,32
201,80,32
202,80,150
203,32,80
204,32,80
205,150,87
207,87,80
208,32,80
209,80,32
210,87,80
211,87,80
212,87,80
213,32,80
214,87,80
215,80,185
216,32,80
217,87,80
218,32,80
219,80,32
220,87,80
221,32,80
222,32,80
223,87,80
224,80,32
225,80,87
226,124,80
227,32,80
228,32,80
229,32,80
230,124,80
231,32,80
232,32,80
233,80,160
234,80,124
235,38,80
236,32,80
237,32,80
238,32,80
239,32,80
240,194,80
241,32,80
242,32,80
243,194,80
244,80,216
245,32,80
246,216,80
247,201,80
248,80,201
249,32,80
250,80,32
251,87,80
252,80,32
253,87,80
254,80,87
255,80,185
256,87,80
257,80,87
258,80,87
259,87,80
260,170,80
261,87,80
262,80,185
263,80,87
264,87,80
265,87,80
266,87,80
267,87,80
268,87,80
269,87,80
270,87,80
271,80,87
272,80,87
273,87,80
274,87,80
275,80,185
276,194,80
277,80,87
278,87,80
279,194,80
280,80,160
281,80,87
283,150,80
284,80,87
285,32,80
286,80,32
287,209,80
288,32,80
289,194,80
290,32,80
291,135,80
292,170,80
293,38,80
295,105,80
296,80,32
297,80,32
298,80,32
299,80,32
300,80,116
301,80,87
302,80,81
303,80,32
304,80,87
305,80,87
306,80,116
307,80,81
308,80,81
309,80,81
310,80,87
311,80,81
312,80,87
313,80,81
314,80,32
315,80,32
316,80,116
317,80,147
318,80,32
319,80,32
320,80,81
321,80,32
322,80,32
323,80,32
324,80,32
325,80,81
326,80,87
327,80,124
328,80,124
329,80,81
330,80,87
331,80,116
332,80,124
333,80,32
334,80,81
335,80,87
336,80,32
337,80,116
338,80,116
339,80,124
340,80,32
341,80,32
342,80,32
343,80,32
344,80,87
345,80,81
346,80,32
347,80,81
348,80,81
349,80,32
350,80,116
351,80,32
352,80,81
353,80,32
354,80,32
355,80,81
356,80,32
357,80,124
358,80,124
359,80,124
360,80,124
361,80,32
362,80,32
363,80,81
364,80,81
365,80,32
366,80,81
367,5,31
368,80,81
369,80,87
370,80,81
371,80,32
372,80,87
373,80,87
374,80,81
375,80,81
376,80,87
377,80,81
378,80,81
379,80,116
380,80,81
381,80,81
382,80,32
383,80,81
384,80,81
385,80,170
386,80,81
387,80,81
389,80,81
390,80,81
391,80,32
392,80,124
393,80,32
394,80,81
395,80,81
396,80,81
397,80,116
398,80,32
399,80,32
401,80,81
402,80,32
403,80,81
404,80,81
405,80,116
406,80,87
407,80,81
408,80,81
409,80,20
410,80,81
411,80,116
412,80,81
413,80,81
414,80,81
415,80,81
416,80,124
418,80,32
419,80,116
421,80,81
422,80,116
423,80,81
424,80,81
425,80,81
426,80,32
427,80,81
428,80,81
429,80,81
430,80,32
431,80,170
432,80,81
433,80,15
434,80,87
435,80,87
436,80,87
437,80,170
438,80,170
439,80,87
440,80,116
441,80,221
442,80,124
444,80,81
445,80,32
446,80,32
447,80,32
448,80,32
449,80,170
450,80,170
451,80,170
452,80,170
453,80,81
454,80,81
455,80,81
456,80,124
457,80,116
458,80,116
459,80,32
460,80,124
461,80,153
462,80,81
463,80,32
464,80,32
465,80,81
466,80,87
467,80,124
468,80,124
469,80,32
470,80,32
471,80,116
472,80,86
473,80,81
474,80,181
475,80,116
476,80,185
477,80,124
478,80,124
479,80,32
480,80,185
481,80,196
482,80,124
483,80,81
484,80,81
485,80,81
486,80,81
487,80,32
488,80,32
489,80,87
490,80,32
491,80,170
492,80,87
493,80,81
494,80,81
495,80,81
496,80,116
497,80,170
498,80,116
499,80,87
500,80,112
501,80,87
502,80,81
503,80,112
504,80,90
505,80,216
506,80,32
507,80,224
508,80,32
509,80,124
511,80,87
512,80,87
513,80,100
514,80,87
515,80,81
516,80,81
517,80,81
518,80,81
519,80,81
520,80,81
521,80,32
522,80,170
523,80,32
524,80,32
525,80,32
526,80,87
527,80,87
528,80,213
529,80,15
530,80,81
531,80,81
532,80,116
533,80,81
534,80,81
535,80,81
536,80,81
537,80,81
538,80,32
539,80,81
540,80,81
541,80,81
542,80,81
543,80,81
544,80,32
545,80,32
546,80,32
547,80,32
548,80,32
549,80,81
550,80,124
551,80,32
552,80,81
553,80,87
554,80,81
555,80,81
556,80,81
557,80,124
558,80,124
559,80,32
560,80,32
561,80,116
562,80,116
564,80,32
565,80,32
566,80,87
567,80,122
568,80,116
569,80,116
570,80,124
571,80,122
572,80,122
573,80,122
574,80,122
575,80,124
576,80,87
577,80,87
578,80,122
579,80,122
580,80,122
581,80,122
582,80,122
583,80,122
584,80,122
585,80,122
586,80,87
587,80,116
588,80,87
589,80,56
590,80,81
591,80,21
592,80,87
593,80,32
594,80,93
595,80,32
596,80,32
597,80,81
598,80,81
599,80,81
600,80,81
601,80,81
602,80,170
603,80,170
604,80,170
605,80,116
606,80,116
607,80,170
608,80,170
609,80,170
610,80,81
611,80,50
612,80,191
613,80,216
615,80,196
616,80,86
617,80,170
618,80,124
619,80,124
620,80,9
621,80,116
622,80,81
623,80,213
624,80,52
625,80,81
626,80,90
627,80,90
628,80,81
629,80,9
630,80,124
631,80,9
632,80,116
633,80,81
634,80,81
635,80,52
636,80,81
637,80,90
638,80,90
639,80,81
640,80,81
641,80,81
642,80,81
643,80,81
644,80,81
645,80,124
646,80,124
647,80,124
648,80,124
650,80,81
651,80,32
652,80,90
653,80,87
654,80,170
655,80,170
656,80,170
657,80,87
658,80,87
659,80,170
660,80,170
661,80,170
662,80,87
663,80,32
664,80,122
665,80,81
666,80,81
667,80,124
668,80,32
669,80,170
670,80,81
671,80,170
672,80,124
673,80,81
674,80,124
675,80,87
677,80,124
678,80,9
679,80,32
680,80,116
681,80,81
682,80,124
683,80,81
684,80,32
685,80,170
686,80,81
687,80,81
688,80,81
689,80,81
690,80,81
691,80,81
692,80,81
693,80,81
694,80,124
695,80,124
696,80,32
697,80,32
698,80,32
699,80,32
700,80,116
701,80,116
702,80,81
703,80,124
704,80,124
705,80,124
706,80,124
707,80,143
708,80,81
709,80,116
710,80,81
711,80,32
712,80,153
714,80,116
715,80,124
716,80,32
717,80,124
718,80,143
719,80,81
720,80,116
721,80,116
722,80,116
723,80,116
724,80,32
725,80,116
726,80,81
727,80,116
728,80,116
729,80,116
730,80,116
732,80,116
733,80,116
734,80,77
735,80,116
736,80,32
737,80,32
738,80,116
739,80,116
740,80,116
741,80,143
742,80,81
744,80,32
745,80,87
746,80,32
747,80,81
748,80,81
749,80,81
750,80,81
751,80,81
752,80,87
753,80,81
754,80,81
755,80,32
756,80,87
757,80,32
758,80,81
759,80,32
760,80,86
761,80,124
762,80,32
763,80,124
764,80,32
765,80,116
766,80,124
767,80,32
768,80,32
769,80,116
770,80,116
771,80,194
772,80,203
773,80,116
774,80,116
775,80,87
776,80,124
777,80,116
778,80,116
779,80,81
780,80,81
781,80,32
782,80,124
783,80,30
784,80,81
785,80,124
786,80,81
787,80,87
788,80,143
789,80,32
790,80,81
791,80,81
793,80,116
794,80,87
795,80,87
796,80,81
797,80,81
798,80,32
799,80,124
800,80,32
801,80,143
802,80,81
803,80,116
804,80,116
805,80,87
806,80,91
807,80,170
808,80,124
809,80,124
810,80,143
811,80,124
812,80,81
813,80,30
814,80,81
815,80,81
816,80,124
817,80,196
818,80,122
819,80,100
820,80,30
821,80,144
822,80,32
823,80,143
824,80,32
825,80,112
826,80,87
827,80,32
828,80,32
829,80,32
830,80,32
831,80,81
832,80,112
833,80,32
834,80,81
835,80,32
836,80,22
837,80,22
838,80,124
839,80,124
840,80,81
841,80,81
842,80,81
843,80,81
844,80,170
845,80,170
846,80,81
847,80,87
848,80,32
849,80,32
850,80,124
851,80,124
852,80,30
853,80,199
854,80,116
855,80,116
856,80,87
857,80,87
858,80,124
859,80,124
860,80,87
861,80,87
862,80,216
863,80,124
864,80,116
865,80,87
866,80,87
867,80,87
868,80,87
869,80,87
870,80,87
871,80,124
872,80,81
873,80,81
874,80,81
875,80,170
876,80,171
877,80,171
878,80,81
879,80,9
880,80,81
881,80,171
882,80,143
883,80,171
884,80,87
885,80,124
886,80,81
887,80,81
888,80,81
889,80,81
890,80,81
891,80,143
892,80,171
893,80,87
894,80,81
895,80,81
896,80,32
897,80,81
898,80,81
899,80,81
900,80,81
901,80,124
902,80,150
903,80,81
904,80,113
905,80,171
906,80,32
907,80,81
908,80,32
909,80,32
910,80,32
911,80,32
912,80,87
913,80,191
914,80,143
915,80,87
916,80,226
921,80,81
922,80,193
923,80,116
924,80,60
925,80,152
926,80,116
927,80,124
928,80,81
930,80,32
931,80,81
932,80,81
934,80,124
935,80,87
936,80,87
937,80,116
938,80,124
939,80,90
940,80,116
941,80,116
942,80,110
943,80,87
944,80,87
945,80,116
946,80,124
947,80,150
948,80,150
949,80,143
950,80,87
951,80,86
952,80,32
953,80,32
954,80,179
955,80,32
956,80,32
957,80,116
958,80,81
959,80,196
960,80,170
961,80,121
962,80,169
963,80,116
964,80,116
965,194,80
966,80,32
967,80,32
968,80,170
969,80,116
970,80,32
971,80,170
972,80,124
973,80,81
974,80,116
975,80,116
976,80,81
977,80,116
978,80,116
979,194,80
980,80,194
981,80,87
982,80,32
983,80,116
984,80,194
985,80,116
986,80,194
987,80,116
988,80,121
989,80,116
990,80,32
991,80,10
992,80,113
993,80,22
994,80,32
995,80,116
997,80,32
999,80,196
1000,80,116
1002,80,87
1003,80,32
1004,80,81
1005,80,81
1006,80,143
1007,80,143
1008,80,32
1009,80,116
1010,80,32
1011,80,32
1012,80,32
1013,80,32
1015,80,81
1017,80,81
1018,80,81
1019,80,32
1020,80,32
1021,80,32
1022,80,81
1023,80,81
1024,80,81
1025,80,32
1026,80,32
1027,80,32
1028,80,81
1029,80,170
1030,80,81
1031,80,81
1032,80,32
1033,80,194
1034,80,124
1035,80,81
1036,80,32
1037,80,186
1038,80,116
1039,80,139
1040,80,73
1041,80,124
1042,80,133
1043,80,87
1044,80,87
1045,80,124
1046,80,143
1047,80,37
1048,80,81
1049,80,10
1050,80,194
1051,80,81
1052,80,32
1053,80,32
1055,80,81
1056,80,116
1057,80,81
1059,80,81
1061,80,32
1062,80,32
1063,80,32
1064,80,32
1065,80,194
1066,80,81
1067,80,32
1068,80,32
1069,80,81
1070,80,81
1071,80,116
1072,80,87
1073,80,116
1074,80,81
1075,80,116
1076,80,32
1077,80,116
1078,80,32
1080,80,32
1081,80,32
1082,80,81
1083,80,81
1084,80,32
1085,80,32
1086,80,113
1087,80,87
1088,80,81
1089,80,81
1090,80,87
1091,80,124
1092,80,81
1093,80,116
1094,80,124
1095,80,143
1096,80,32
1097,80,86
1098,80,63
1099,80,32
1100,80,116
1101,80,116
1102,80,32
1103,80,116
1104,80,32
1105,80,170
1106,80,32
1107,80,32
1108,80,32
1109,80,113
1110,80,87
1111,80,32
1112,80,87
1113,80,116
1114,80,87
1115,80,87
1116,80,116
1117,80,32
1118,80,32
1119,80,86
1120,80,32
1121,80,32
1122,80,81
1123,80,171
1124,80,87
1125,80,32
1126,80,32
1127,80,81
1128,80,116
1129,80,81
1130,80,81
1131,80,186
1132,80,32
1133,80,81
1134,80,133
1135,80,32
1136,80,81
1137,80,32
1138,80,87
1139,80,116
1140,80,116
1141,80,116
1142,80,116
1143,80,116
1144,80,116
1145,80,116
1146,80,81
1147,80,32
1148,80,87
1149,80,81
1150,80,124
1151,80,81
1152,80,81
1153,80,94
1154,80,32
1155,80,124
1156,80,81
1157,80,81
1158,80,150
1159,80,87
1160,80,81
1161,80,144
1162,80,124
1163,80,87
1164,80,87
1165,80,87
1166,80,87
1167,80,32
1168,80,32
1169,80,81
1170,80,81
1171,80,81
1172,80,81
1173,80,81
1174,80,194
1175,80,169
1176,80,81
1177,80,87
1178,80,216
1179,80,87
1180,80,116
1181,80,32
1182,80,81
1183,80,116
1184,80,81
1185,80,81
1186,80,81
1187,80,32
1188,80,81
1189,80,116
1190,80,87
1191,80,124
1192,80,81
1193,80,81
1194,80,81
1195,80,81
1196,80,116
1197,80,194
1198,80,194
1199,80,194
1200,80,81
1201,80,81
1202,80,81
1203,80,116
1204,80,81
1205,80,87
1206,80,81
1207,80,87
1208,80,32
1209,80,81
1210,80,116
1211,80,124
1212,80,81
1213,80,116
1214,80,81
1215,80,81
1216,80,81
1217,80,46
1218,80,81
1219,80,81
1220,80,81
1221,80,116
1222,80,81
1223,80,81
1224,80,81
1225,80,81
1226,80,124
1227,80,81
1228,80,170
1229,80,81
1230,80,124
1231,80,60
1232,80,90
1233,80,143
1234,80,170
1236,80,87
1237,80,124
1238,80,32
1239,80,87
1240,80,113
1241,80,116
1242,81,80
1243,32,80
1246,38,32
1247,170,80
1248,87,80
1249,124,80
1250,116,80
1251,87,80
1252,87,80
1253,124,80
1254,32,80
1256,32,80
1257,32,80
1258,32,80
1259,32,80
1260,32,127
1261,32,80
1262,32,80
1263,116,80
1264,32,80
1265,87,32
1266,32,80
1267,32,80
1268,80,32
1270,80,32
1271,80,81
1272,80,81
1273,80,81
1274,80,81
1275,80,81
1276,80,32
1277,32,80
1278,32,80
1279,32,80
1280,32,32
1281,32,80
1282,32,80
1283,116,80
1284,32,80
1285,32,80
1286,124,80
1287,32,80
1288,153,80
1289,90,80
1290,32,80
1291,32,80
1292,80,32
1293,30,80
1294,80,32
1295,87,80
1296,80,81
1297,32,80
1298,30,80
1299,80,124
1300,32,80
1301,32,80
1302,80,81
1303,30,80
1304,80,32
1306,32,80
1307,32,80
1308,80,81
1309,32,80
1310,87,80
1311,80,81
1312,32,80
1313,32,80
1314,32,80
1315,80,180
1316,80,124
1317,80,180
1318,202,80
1319,80,171
1320,32,80
1321,32,80
1322,32,80
1323,32,80
1324,116,81
1325,90,80
1326,87,80
1327,32,80
1328,116,80
1329,80,180
1330,80,87
1332,80,32
1333,80,10
1334,85,80
1335,32,80
1336,80,124
1337,80,10
1338,80,116
1339,80,32
1340,32,80
1341,80,32
1342,32,80
1343,32,80
1344,32,80
1346,116,80
1347,85,80
1348,32,80
1349,32,32
1350,32,80
1351,32,80
1352,32,80
1353,32,80
1354,116,80
1355,80,87
1356,81,80
1357,80,116
1358,32,80
1359,32,32
1360,81,80
1361,87,80
1362,32,80
1363,32,80
1364,87,80
1365,87,80
1366,32,80
1367,32,80
1368,32,80
1369,15,80
1370,32,80
1371,32,80
1372,32,80
1373,32,80
1374,163,80
1375,32,80
1377,15,80
1378,32,80
1379,216,80
1380,87,80
1381,32,80
1382,183,80
1383,32,81
1384,32,80
1385,81,32
1386,32,81
1387,122,80
1388,32,80
1389,32,80
1390,32,80
1391,116,80
1392,32,80
1393,81,80
1394,32,80
1395,32,80
1397,32,80
1398,85,80
1399,80,116
1400,80,116
1401,80,87
1402,80,32
1403,80,32
1404,80,87
1405,80,87
1406,80,87
1408,80,170
1409,80,32
1410,81,80
1411,32,80
1412,81,80
1413,80,94
1414,80,87
1415,32,80
1416,81,80
1417,81,80
1418,81,80
1419,80,87
1420,80,87
1421,80,87
1422,81,80
1423,81,80
1424,80,94
1425,81,80
1426,80,87
1427,32,80
1428,81,80
1429,80,116
1430,81,80
1431,81,80
1432,81,80
1433,80,116
1434,81,80
1435,32,80
1438,81,80
1439,124,80
1440,81,80
1441,116,80
1442,124,80
1443,124,80
1444,87,80
1445,81,80
1446,81,80
1447,81,80
1448,32,80
1449,81,80
1450,87,80
1451,87,80
1452,32,80
1453,80,124
1454,32,32
1455,32,80
1456,116,80
1457,81,80
1458,116,80
1459,80,87
1460,32,80
1461,80,87
1462,32,80
1463,32,80
1464,32,80
1465,80,101
1466,80,32
1467,80,32
1468,80,32
1470,32,80
1471,80,87
1472,32,80
1473,80,87
1474,80,124
1475,80,87
1476,80,87
1477,32,80
1478,80,87
1479,80,124
1480,80,87
1481,122,80
1482,80,124
1483,80,124
1484,32,80
1485,80,124
1486,124,80
1487,32,80
1488,80,116
1489,32,80
1490,81,80
1491,32,22
1492,81,80
1493,80,87
1494,80,194
1495,80,32
1496,116,80
1497,32,80
1498,32,80
1499,116,80
1501,81,80
1502,32,80
1503,81,80
1504,32,80
1505,124,80
1506,32,32
1507,32,80
1508,80,32
1509,87,80
1510,87,80
1511,32,80
1512,85,80
1513,80,194
1514,87,80
1515,116,80
1516,81,80
1517,81,80
1518,81,80
1519,81,80
1520,81,80
1521,87,80
1522,80,87
1523,32,80
1524,87,80
1525,87,80
1526,87,80
1527,87,80
1528,87,80
1529,80,32
1530,32,80
1531,116,80
1532,32,81
1533,80,32
1534,116,80
1535,32,81
1536,80,81
1537,32,80
1538,80,32
1539,32,80
1541,80,202
1542,81,80
1543,32,80
1544,32,80
1545,32,80
1546,32,80
1547,81,80
1548,81,80
1549,32,80
1550,80,86
1551,32,80
1552,32,80
1553,81,80
1554,81,80
1555,81,80
1556,32,80
1557,81,80
1558,81,80
1559,32,80
1560,32,80
1562,80,194
1563,32,87
1564,80,32
1565,87,80
1566,81,80
1567,81,80
1568,32,80
1569,170,80
1570,116,80
1571,80,129
1572,32,80
1573,116,80
1574,32,80
1575,81,80
1576,32,80
1577,32,80
1578,80,32
1579,153,80
1580,80,87
1581,85,80
1582,194,80
1583,85,80
1584,80,87
1585,32,80
1586,143,80
1587,32,80
1588,32,80
1589,32,80
1590,80,87
1591,32,80
1592,80,122
1594,81,80
1595,80,81
1596,32,80
1597,80,116
1598,32,80
1599,143,80
1600,87,80
1601,80,87
1602,87,80
1603,81,80
1604,194,80
1605,80,87
1606,32,80
1607,32,80
1608,124,80
1609,32,80
1610,116,80
1611,32,80
1612,32,80
1613,32,80
1614,80,87
1615,32,80
1616,32,80
1617,32,80
1618,32,80
1619,80,46
1620,32,80
1621,32,80
1622,80,116
1623,32,80
1624,32,32
1625,81,80
1626,81,80
1627,32,80
1628,80,87
1629,85,80
1630,80,87
1631,116,80
1632,32,80
1633,125,55
1634,116,80
1635,80,22
1636,80,22
1637,32,80
1639,80,116
1640,32,32
1641,32,80
1642,194,80
1643,32,87
1644,32,80
1645,81,80
1646,32,80
1647,81,80
1648,32,80
1649,80,32
1650,32,80
1651,81,80
1652,32,80
1653,81,80
1654,81,80
1655,81,80
1656,81,80
1657,32,80
1658,81,80
1659,32,80
1660,194,80
1661,32,80
1662,81,80
1663,194,80
1664,81,80
1667,32,80
1668,32,80
1669,32,80
1670,32,80
1671,32,80
1672,30,80
1673,81,80
1674,81,80
1675,170,80
1676,170,80
1677,170,80
1678,81,80
1679,81,80
1680,81,80
1681,32,80
1682,81,80
1683,81,80
1684,124,80
1685,196,80
1687,153,80
1688,81,80
1689,81,80
1690,81,80
1691,170,80
1694,81,80
1695,32,80
1696,116,80
1697,81,80
1698,32,80
1699,116,80
1700,30,80
1701,81,80
1702,53,86
1703,87,80
1704,53,86
1705,81,80
1706,81,80
1707,81,80
1708,170,87
1709,81,80
1710,81,80
1711,81,80
1712,81,80
1713,32,80
1715,81,80
1716,81,80
1717,32,80
1718,116,80
1719,118,109
1720,81,80
1721,118,109
1722,32,80
1723,32,80
1724,81,80
1725,32,80
1726,81,80
1727,81,80
1728,32,80
1729,81,80
1730,81,80
1731,32,80
1732,116,80
1733,87,80
1734,116,80
1735,194,80
1736,81,80
1737,81,80
1738,116,80
1739,116,80
1740,124,80
1741,194,80
1742,194,80
1743,32,80
1744,153,80
1746,32,80
1747,32,80
1748,32,80
1749,30,80
1750,116,80
1751,124,80
1752,32,80
1753,194,80
1754,119,80
1755,81,80
1756,81,80
1757,32,80
1758,32,80
1759,30,80
1760,196,80
1761,81,80
1762,191,80
1763,81,80
1764,81,80
1765,32,80
1766,116,80
1767,32,80
1768,81,80
1769,81,80
1770,81,80
1771,32,80
1772,81,80
1773,32,80
1776,81,187
1777,30,80
1779,81,80
1780,32,80
1781,32,80
1782,32,80
1783,32,80
1784,32,80
1785,32,80
1787,81,80
1788,81,80
1789,81,80
1790,81,80
1791,81,80
1792,81,80
1793,32,80
1794,32,80
1795,32,80
1796,32,80
1797,116,80
1798,81,80
1799,81,80
1800,81,80
1801,32,80
1802,32,80
1803,32,80
1804,32,80
1805,32,80
1806,32,80
1807,32,80
1808,32,80
1809,194,80
1810,32,80
1811,32,80
1812,32,80
1813,32,80
1814,32,80
1816,116,80
1817,124,80
1818,116,80
1819,124,80
1820,81,80
1821,81,80
1822,81,80
1823,32,80
1824,124,80
1826,81,80
1827,81,80
1828,81,80
1829,32,80
1830,32,80
1831,116,80
1832,87,80
1833,194,80
1834,87,32
1835,81,80
1836,32,80
1837,32,80
1838,32,80
1839,32,80
1840,81,80
1841,81,80
1842,32,87
1843,116,80
1845,196,80
1846,87,80
1847,81,80
1848,93,80
1849,143,80
1850,32,80
1851,32,80
1852,81,80
1853,81,80
1854,32,80
1855,116,80
1856,81,80
1857,81,80
1858,116,80
1859,194,80
1860,194,80
1861,194,80
1862,81,80
1863,122,80
1864,81,80
1865,196,80
1866,87,196
1867,81,80
1868,81,80
1869,81,80
1870,81,80
1871,81,80
1872,32,80
1873,32,80
1874,32,80
1875,81,80
1876,87,80
1877,32,80
1878,116,80
1879,170,80
1880,81,80
1881,116,80
1882,112,80
1883,112,80
1884,87,80
1885,90,80
1886,180,80
1887,116,80
1888,116,80
1889,32,80
1890,81,80
1891,32,80
1892,32,80
1893,81,80
1894,81,80
1895,116,80
1896,225,80
1897,124,80
1898,32,80
1899,32,80
1900,32,80
1901,194,80
1902,194,80
1903,32,80
1904,15,80
1905,32,80
1906,32,80
1907,32,80
1908,32,80
1909,32,80
1910,32,80
1911,32,80
1912,112,80
1913,39,80
1914,81,80
1915,81,80
1916,81,80
1917,32,80
1918,81,80
1919,93,80
1920,194,80
1921,32,80
1922,194,80
1923,32,80
1924,32,80
1925,81,58
1926,32,80
1927,32,80
1928,32,80
1929,32,171
1931,124,81
1932,32,80
1934,32,80
1935,81,180
1938,180,80
1939,194,80
1940,81,80
1941,32,87
1942,32,80
1943,32,87
1944,116,80
1945,185,80
1946,81,80
1947,81,80
1948,185,80
1949,81,80
1950,32,80
1951,32,80
1952,81,80
1953,81,80
1954,81,80
1955,81,80
1958,81,80
1959,81,80
1960,81,80
1961,81,80
1962,81,80
1963,81,80
1964,81,80
1965,81,80
1966,81,80
1967,81,80
1968,81,80
1969,81,80
1970,32,80
1971,32,80
1972,32,177
1973,32,80
1974,32,80
1975,81,80
1976,81,80
1977,81,80
1978,81,80
1979,81,80
1980,116,80
1981,32,80
1982,32,80
1983,32,80
1984,81,80
1985,81,80
1986,81,80
1987,81,80
1988,81,80
1989,81,80
1990,81,80
1991,81,80
1992,81,80
1993,81,80
1994,81,80
1995,32,80
1996,81,80
1997,81,80
1998,116,80
1999,185,80
2000,32,80
2001,81,80
2002,87,80
2003,124,80
2004,32,80
2005,32,80
2006,81,80
2007,32,80
2008,32,80
2009,32,80
2010,32,80
2011,32,80
2012,32,80
2013,32,80
2014,32,80
2015,32,80
2016,32,80
2017,124,80
2018,32,80
2019,32,80
2020,32,80
2021,81,80
2022,81,80
2023,124,80
2024,87,80
2025,32,80
2026,196,80
2027,196,80
2028,81,80
2029,81,80
2030,185,80
2031,81,80
2032,124,80
2033,124,80
2034,194,80
2035,116,80
2036,87,80
2037,32,80
2038,80,180
2039,32,81
2040,80,87
2041,80,180
2042,32,80
2043,80,180
2044,80,87
2045,80,87
2046,81,137
2047,80,32
2048,80,184
2050,80,81
2051,32,80
2053,80,32
2054,32,80
2055,116,80
2056,80,32
2057,32,80
2059,194,80
2060,80,81
2062,80,81
2063,194,80
2064,194,80
2065,194,80
2066,81,80
2067,80,81
2068,194,80
2069,80,32
2070,81,80
2071,80,81
2072,80,32
2073,80,81
2074,194,80
2075,32,80
2076,80,32
2077,32,80
2078,80,32
2080,32,106
2081,80,22
2082,81,80
2083,116,80
2084,80,32
2086,80,32
2087,85,80
2088,93,80
2089,81,80
2090,81,80
2091,80,150
2092,80,32
2093,32,80
2094,32,80
2097,80,204
2098,87,80
2099,81,80
2101,32,80
2102,116,80
2103,32,80
2104,32,80
2105,32,80
2106,32,80
2107,116,80
2108,196,80
2109,124,80
2110,196,80
2111,81,80
2112,81,80
2113,116,80
2114,32,80
2115,116,80
2116,32,80
2117,113,80
2118,32,80
2119,15,80
2120,32,80
2121,81,80
2122,81,80
2123,32,80
2125,81,80
2127,32,80
2128,32,80
2129,81,80
2131,81,80
2132,32,80
2133,87,80
2134,81,80
2135,116,80
2136,32,80
2137,50,80
2138,32,80
2139,170,80
2140,85,80
2141,80,81
2142,80,180
2143,87,80
2144,32,80
2145,81,80
2146,32,80
2147,32,80
2148,32,80
2149,81,80
2150,87,80
2151,170,80
2152,80,112
2153,32,80
2154,100,80
2155,32,80
2156,32,80
2157,87,170
2158,81,80
2159,80,32
2160,52,80
2161,81,80
2162,81,80
2163,81,80
2164,80,81
2165,81,80
2166,87,80
2167,87,80
2168,32,80
2169,80,194
2170,15,80
2171,194,80
2172,32,80
2173,87,80
2174,32,80
2175,81,80
2176,80,81
2177,87,80
2178,80,81
2179,32,80
2180,32,80
2181,87,80
2182,24,80
2183,80,180
2184,24,80
2185,116,80
2186,80,81
2187,87,80
2188,87,80
2189,81,80
2190,80,81
2191,80,81
2192,81,80
2193,80,81
2194,80,81
2195,32,80
2196,80,81
2197,87,80
2198,170,80
2199,80,171
2200,80,32
2201,32,133
2202,124,80
2203,80,113
2204,87,81
2205,80,87
2206,81,80
2207,80,87
2208,116,80
2209,81,80
2210,80,81
2211,80,81
2212,30,80
2213,80,81
2214,80,81
2215,80,81
2216,81,124
2217,81,87
2218,116,80
2219,116,80
2220,32,80
2221,32,80
2222,81,80
2223,15,80
2224,81,80
2225,81,80
2226,122,80
2227,80,81
2228,122,80
2229,116,80
2230,80,32
2231,80,180
2232,80,32
2233,122,80
2234,80,81
2235,87,80
2236,80,180
2237,80,180
2238,80,180
2239,80,32
2240,81,80
2241,80,180
2242,80,180
2243,80,185
2244,80,81
2245,80,81
2246,194,80
2247,80,32
2248,81,80
2249,80,32
2250,80,32
2251,80,81
2252,80,81
2253,80,116
2254,80,32
2255,80,145
2256,32,80
2257,81,80
2258,32,80
2259,87,80
2260,32,80
2261,32,80
2262,32,80
2264,32,80
2265,81,80
2266,170,80
2267,32,80
2268,81,80
2269,81,80
2270,81,80
2271,32,80
2272,90,80
2273,80,87
2274,170,80
2275,124,80
2276,87,80
2277,122,80
2278,122,80
2279,87,80
2280,122,80
2281,122,80
2282,116,80
2283,32,80
2284,81,80
2285,81,80
2286,81,80
2287,32,80
2288,32,80
2289,81,80
2290,81,80
2291,116,80
2292,124,81
2293,81,80
2294,32,80
2295,81,80
2296,81,80
2297,124,80
2298,32,80
2299,32,80
2300,80,116
2301,81,187
2303,124,80
2304,32,80
2305,124,80
2306,124,80
2307,80,81
2308,81,80
2309,122,80
2310,124,80
2311,80,81
2312,122,80
2313,32,80
2314,80,86
2315,122,80
2316,80,86
2318,81,80
2319,80,87
2320,81,227
2321,87,80
2322,32,80
2323,122,80
2324,122,80
2325,81,80
2326,122,80
2327,122,80
2328,80,32
2329,80,32
2330,32,80
2331,80,40
2332,80,32
2333,122,80
2334,116,80
2335,87,80
2336,194,32
2338,32,80
2339,124,80
2340,87,80
2341,32,80
2342,32,80
2343,32,80
2344,81,80
2345,32,80
2346,32,86
2348,80,48
2349,80,32
2350,80,32
2351,32,80
2352,80,32
2353,80,32
2354,80,32
2355,80,113
2356,80,32
2357,80,32
2358,81,223
2359,32,80
2360,32,80
2361,32,80
2362,32,80
2363,32,80
2364,213,80
2365,81,80
2366,81,80
2367,32,80
2368,32,80
2369,81,80
2370,32,97
2371,32,191
2372,32,196
2373,32,80
2374,32,80
2375,196,80
2376,32,80
2377,32,80
2378,32,80
2379,32,80
2380,170,80
2381,170,80
2382,170,80
2383,87,80
2384,170,80
2385,87,80
2386,87,80
2387,170,80
2388,87,80
2389,81,32
2390,32,80
2391,32,80
2392,32,80
2393,32,80
2394,32,80
2395,32,80
2396,32,80
2397,124,80
2398,122,80
2399,32,80
2400,87,80
2401,87,80
2402,116,80
2403,81,80
2404,81,80
2405,32,80
2406,81,80
2407,32,80
2408,32,80
2410,81,80
2411,81,80
2412,81,80
2413,32,80
2414,32,80
2415,170,80
2416,32,80
2418,32,80
2419,32,80
2420,170,80
2421,9,80
2422,32,80
2423,170,80
2424,81,80
2425,81,80
2426,87,80
2427,170,80
2428,87,170
2429,87,80
2430,87,80
2431,87,80
2432,87,80
2433,81,80
2434,81,80
2435,87,80
2436,81,80
2437,15,80
2438,32,80
2439,32,80
2440,87,80
2441,87,80
2442,213,80
2443,87,80
2444,87,80
2445,87,80
2446,81,80
2447,81,80
2448,81,80
2449,124,81
2451,9,80
2452,32,80
2453,87,80
2454,87,80
2455,116,80
2456,122,80
2457,116,80
2458,143,80
2459,87,80
2460,116,80
2461,56,80
2462,191,80
2463,32,80
2464,81,80
2465,32,80
2466,32,80
2467,87,80
2468,32,80
2469,81,80
2470,32,80
2471,93,87
2472,32,87
2473,32,80
2474,32,80
2475,32,80
2476,32,80
2477,81,80
2478,87,80
2479,196,80
2480,81,87
2481,81,80
2482,81,80
2483,81,80
2484,32,80
2485,81,80
2486,32,80
2487,81,80
2488,81,80
2489,81,80
2490,81,80
2491,87,80
2492,81,80
2493,32,80
2494,32,80
2495,81,80
2496,81,80
2497,32,80
2498,81,80
2499,81,80
2500,81,80
2501,122,80
2502,170,80
2503,170,80
2504,32,80
2505,81,80
2506,81,80
2507,116,80
2508,81,80
2509,170,80
2510,81,80
2511,81,80
2512,170,80
2514,170,80
2515,50,80
2516,81,80
2517,213,80
2518,216,80
2519,200,80
2520,32,80
2521,86,80
2522,196,80
2523,81,80
2524,170,80
2525,32,80
2526,32,80
2527,87,80
2528,32,80
2530,32,80
2532,70,32
2533,81,81
2534,81,80
2535,32,80
2536,81,80
2537,81,80
2538,32,80
2539,81,80
2540,32,80
2541,81,80
2542,81,80
2543,124,80
2544,9,80
2545,9,80
2546,81,80
2547,81,80
2548,87,80
2549,117,80
2550,116,80
2551,213,80
2552,81,80
2553,81,117
2554,81,80
2555,81,80
2556,143,81
2557,81,160
2558,32,80
2559,81,80
2560,49,80
2561,81,80
2563,214,108
2564,81,80
2565,194,80
2566,81,187
2567,81,80
2568,124,80
2569,81,80
2570,32,80
2571,87,80
2573,116,80
2574,122,80
2575,81,80
2576,81,80
2578,122,80
2579,81,80
2581,122,80
2582,170,80
2583,143,80
2584,170,80
2585,81,80
2586,116,80
2587,81,80
2588,81,80
2589,32,80
2590,116,80
2591,81,80
2593,81,80
2594,81,80
2595,170,80
2596,32,80
2597,94,80
2598,81,80
2600,32,80
2601,162,80
2602,81,80
2603,32,80
2604,81,80
2605,168,80
2606,30,80
2607,81,80
2608,81,80
2609,124,80
2610,124,80
2612,94,80
2613,81,80
2614,143,80
2615,81,80
2617,81,80
2618,81,80
2619,94,80
2620,81,80
2621,72,80
2622,87,80
2623,81,80
2624,81,80
2625,194,80
2626,81,160
2627,122,80
2628,81,80
2630,32,80
2631,32,80
2632,81,80
2633,81,80
2634,81,80
2635,124,80
2636,143,80
2637,143,80
2638,81,80
2639,116,80
2640,87,80
2641,49,80
2642,124,80
2643,81,124
2645,124,80
2646,87,80
2647,81,80
2648,196,80
2649,81,80
2650,81,80
2651,170,81
2652,81,80
2653,81,80
2654,81,80
2655,124,80
2656,81,80
2657,191,80
2658,81,80
2659,81,80
2660,81,80
2661,32,80
2662,32,80
2663,81,80
2664,81,80
2665,170,80
2666,170,80
2667,170,80
2668,170,80
2669,32,80
2670,168,80
2671,113,80
2672,81,80
2673,81,80
2674,32,80
2675,32,80
2676,81,80
2677,81,80
2678,81,80
2679,81,80
2680,170,80
2681,196,80
2682,170,80
2683,81,80
2684,81,80
2685,81,80
2686,32,80
2687,81,80
2688,81,80
2689,81,116
2690,124,81
2691,143,80
2692,196,80
2693,124,80
2694,81,80
2695,81,80
2696,32,80
2697,32,80
2698,32,80
2699,32,80
2700,32,80
2701,194,80
2702,81,80
2703,32,80
2704,32,80
2706,196,80
2707,32,80
2708,32,80
2709,81,80
2710,124,80
2711,32,80
2712,124,80
2713,81,80
2714,194,80
2715,81,80
2716,81,80
2717,32,80
2718,81,80
2719,81,80
2720,32,80
2721,116,80
2722,87,80
2723,124,80
2724,196,80
2725,124,80
2726,124,80
2727,81,80
2728,124,80
2729,194,80
2730,22,80
2731,81,80
2732,22,81
2733,32,80
2734,144,80
2735,32,80
2736,32,80
2738,32,80
2739,81,80
2740,81,80
2741,81,80
2742,81,80
2743,150,80
2744,81,80
2745,81,80
2746,32,80
2747,32,80
2748,81,160
2749,116,80
2750,124,80
2751,143,80
2752,124,80
2753,143,80
2754,32,80
2755,32,80
2756,32,80
2757,32,80
2758,32,80
2761,170,80
2762,170,80
2763,170,80
2764,81,80
2765,143,80
2766,81,80
2767,81,80
2768,81,80
2769,81,80
2770,32,80
2771,32,80
2772,32,80
2773,32,80
2774,81,80
2775,32,80
2776,32,80
2777,81,80
2778,81,80
2779,81,80
2780,32,80
2781,194,80
2782,194,80
2783,81,80
2784,81,80
2785,81,80
2786,81,80
2787,116,81
2788,32,80
2789,32,80
2790,32,80
2792,32,80
2793,32,80
2795,87,80
2796,32,80
2797,32,80
2798,173,167
2799,116,80
2800,170,80
2801,81,80
2802,81,80
2803,32,80
2804,194,80
2805,81,80
2806,32,80
2808,87,80
2809,81,80
2810,81,80
2811,81,80
2812,32,80
2813,32,80
2814,32,80
2815,32,80
2816,32,80
2817,32,80
2819,190,4
2820,32,80
2821,170,80
2822,170,80
2823,81,80
2824,32,81
2825,81,80
2826,81,80
2827,81,80
2828,81,80
2829,81,80
2830,32,80
2831,81,80
2832,81,80
2833,81,80
2834,81,80
2835,81,80
2836,170,80
2837,81,80
2838,81,80
2839,81,80
2840,81,80
2841,32,80
2842,32,80
2843,32,80
2844,143,80
2845,81,80
2846,87,80
2847,190,211
2848,81,80
2849,116,80
2850,81,160
2851,81,80
2852,143,80
2853,30,80
2854,32,80
2855,81,80
2856,81,80
2857,81,80
2858,32,80
2859,81,80
2860,32,80
2861,116,80
2862,81,80
2863,81,80
2864,81,80
2865,81,80
2866,81,80
2867,81,80
2868,116,80
2869,81,80
2871,32,80
2872,81,80
2873,81,80
2874,143,80
2875,32,80
2876,116,80
2877,116,80
2878,116,80
2879,87,80
2880,143,80
2881,81,80
2882,170,80
2883,124,80
2884,124,80
2885,81,80
2886,196,80
2887,81,80
2888,81,80
2889,81,80
2890,81,80
2891,81,80
2892,116,80
2893,81,80
2894,32,80
2895,81,80
2896,81,80
2897,81,80
2898,81,80
2899,124,80
2900,124,80
2901,143,80
2902,122,81
2904,30,80
2905,32,80
2906,32,80
2907,122,80
2908,30,80
2909,116,80
2910,30,80
2911,81,80
2912,116,80
2913,116,80
2914,116,80
2915,116,80
2916,116,80
2917,116,80
2918,100,80
2919,93,80
2920,81,80
2921,32,80
2922,81,80
2923,81,80
2924,32,80
2925,81,80
2926,81,80
2927,143,80
2928,32,80
2929,32,80
2930,81,80
2931,116,80
2932,32,80
2933,143,80
2934,86,80
2936,116,80
2937,32,80
2938,87,80
2939,32,80
2940,9,80
2941,81,80
2942,32,80
2943,32,80
2944,113,80
2945,32,80
2946,32,80
2947,32,80
2948,81,80
2949,81,80
2950,32,80
2952,81,80
2953,196,80
2954,87,80
2955,81,80
2956,143,80
2957,81,80
2958,32,80
2959,81,80
2960,81,80
2961,32,80
2962,32,80
2963,191,80
2964,32,80
2965,32,80
2966,191,80
2967,32,80
2968,143,80
2969,194,80
2970,81,80
2971,32,80
2972,32,80
2973,81,80
2974,81,87
2975,32,80
2976,32,80
2977,32,80
2978,32,80
2979,32,80
2980,81,80
2981,81,80
2982,32,80
2983,32,80
2984,116,80
2985,32,80
2986,116,80
2987,81,80
2988,81,80
2989,143,80
2990,32,80
2991,32,80
2992,81,80
2993,32,80
2994,87,80
2995,81,80
2996,81,80
2997,77,80
2998,81,80
2999,32,80
3000,32,80
3002,77,80
3003,116,80
3006,32,80
3007,32,80
3008,87,80
3009,32,80
3010,81,80
3011,116,80
3012,32,124
3013,81,80
3014,124,32
3015,81,80
3016,124,80
3017,191,80
3018,32,80
3019,32,80
3020,81,80
3021,32,80
3022,81,124
3023,194,80
3024,32,80
3025,194,80
3026,124,80
3027,32,80
3028,81,80
3029,143,80
3030,81,80
3031,81,80
3032,81,80
3033,32,80
3034,32,80
3035,81,80
3036,81,80
3037,81,80
3038,81,80
3039,81,80
3040,116,80
3041,81,80
3042,81,80
3043,81,80
3044,81,80
3045,81,80
3046,81,80
3047,81,80
3048,81,80
3049,81,80
3050,81,80
3051,81,80
3052,81,80
3053,32,80
3055,81,80
3056,32,80
3057,170,80
3058,170,80
3059,81,80
3060,170,80
3061,81,80
3062,81,80
3063,81,80
3064,81,80
3065,81,80
3066,143,80
3067,143,80
3068,32,80
3069,81,80
3070,81,80
3071,32,80
3072,81,80
3073,81,80
3074,87,80
3075,32,80
3076,81,80
3077,81,80
3078,81,80
3079,81,80
3080,170,80
3081,32,80
3084,124,81
3085,32,80
3086,196,80
3087,32,80
3088,81,80
3089,32,80
3090,196,80
3091,81,80
3092,116,80
3093,32,80
3094,81,80
3095,81,80
3096,81,80
3097,168,80
3098,81,80
3099,116,80
3100,32,80
3101,81,80
3102,81,80
3103,81,80
3104,81,80
3105,32,80
3106,93,80
3107,81,80
3108,81,80
3109,143,80
3110,180,80
3111,180,80
3112,143,80
3113,180,80
3114,81,80
3115,81,80
3116,81,80
3117,81,80
3118,81,80
3120,124,80
3121,86,80
3122,32,86
3124,32,80
3125,32,80
3126,81,80
3127,87,80
3128,143,80
3130,87,80
3131,32,80
3132,202,80
3133,165,80
3134,87,80
3135,116,80
3136,116,80
3137,116,80
3138,169,80
3139,87,80
3140,194,80
3141,194,80
3142,81,80
3143,194,80
3144,32,80
3145,81,80
3146,81,80
3147,32,80
3148,32,80
3149,32,80
3150,194,80
3151,194,80
3152,194,80
3153,170,80
3155,32,80
3156,150,80
3157,170,80
3158,170,80
3159,194,80
3160,194,80
3161,116,80
3162,180,80
3163,116,80
3164,194,80
3165,194,80
3166,194,80
3167,194,80
3168,87,80
3169,194,80
3170,87,80
3171,81,80
3172,194,80
3173,32,80
3174,32,80
3175,81,80
3176,194,80
3177,32,80
3178,32,80
3179,194,80
3180,81,80
3181,124,80
3182,32,80
3183,170,80
3184,185,80
3185,143,80
3186,81,80
3187,87,80
3188,32,80
3189,168,80
3190,170,168
3191,81,80
3192,81,80
3193,180,80
3194,143,80
3195,148,80
3196,194,80
3197,196,80
3198,32,80
3199,37,80
3201,81,80
3202,81,80
3203,170,80
3204,81,80
3205,32,116
3206,32,80
3207,81,80
3208,81,80
3209,81,80
3210,32,80
3211,81,80
3212,81,80
3213,87,80
3214,81,80
3215,194,80
3216,81,80
3217,81,80
3218,170,80
3219,32,80
3220,81,80
3221,32,80
3222,116,32
3223,116,80
3224,116,80
3225,32,80
3227,81,80
3228,81,80
3229,116,32
3230,81,80
3231,116,32
3232,81,80
3233,131,80
3234,116,80
3235,81,80
3236,81,80
3237,32,80
3238,81,80
3239,32,80
3240,32,80
3241,148,80
3242,141,80
3243,148,80
3244,81,80
3245,81,80
3246,32,80
3247,81,80
3248,32,80
3249,32,80
3250,81,80
3251,194,80
3252,120,80
3253,32,80
3254,194,80
3255,32,80
3256,32,80
3257,32,80
3258,81,80
3259,81,80
3260,81,80
3261,116,80
3262,194,80
3263,81,80
3264,124,80
3265,116,80
3266,32,80
3267,81,80
3268,81,80
3269,81,80
3270,81,80
3271,81,80
3272,194,80
3273,32,80
3274,81,80
3275,63,80
3276,81,80
3277,116,80
3278,116,80
3279,194,80
3280,63,80
3281,81,80
3282,170,80
3283,81,80
3284,170,80
3285,194,80
3286,32,80
3287,32,80
3288,143,80
3289,32,80
3290,113,80
3291,81,80
3292,194,80
3293,194,80
3294,87,80
3295,81,80
3296,32,80
3297,32,32
3298,124,80
3299,32,80
3300,194,80
3301,81,80
3302,81,80
3303,116,80
3304,32,80
3305,32,80
3306,32,80
3307,87,80
3308,81,80
3309,144,80
3310,87,80
3311,87,80
3312,124,80
3313,73,80
3314,81,80
3315,210,116
3316,81,80
3317,32,80
3318,32,80
3319,32,80
3320,81,80
3321,81,80
3322,81,80
3323,81,80
3324,81,80
3325,81,80
3326,81,80
3327,81,80
3328,81,160
3329,81,80
3330,81,80
3331,81,80
3332,87,80
3333,87,80
3334,87,80
3335,32,80
3336,81,80
3337,81,80
3338,81,80
3339,81,80
3340,32,80
3341,81,80
3342,124,81
3343,32,80
3344,81,80
3345,87,80
3346,32,80
3347,87,80
3348,87,80
3349,81,80
3350,81,80
3351,87,80
3352,87,80
3353,87,80
3354,81,80
3355,32,80
3356,81,80
3357,81,80
3358,32,80
3359,81,80
3360,87,80
3361,81,80
3362,81,80
3363,81,80
3364,86,80
3365,32,80
3366,32,81
3368,87,80
3369,124,80
3370,32,80
3371,32,80
3372,81,80
3373,81,80
3374,194,80
3375,32,80
3376,87,80
3377,32,80
3378,116,80
3379,30,80
3380,87,80
3381,12,80
3382,87,80
3383,124,80
3384,116,80
3385,87,80
3386,81,80
3387,157,80
3388,87,80
3389,170,57
3390,170,57
3392,81,80
3393,32,80
3394,116,80
3395,81,80
3396,81,80
3397,32,80
3398,194,80
3399,194,80
3400,87,80
3401,32,80
3402,194,80
3403,150,80
3404,81,80
3406,150,80
3407,87,80
3408,116,80
3409,32,80
3410,87,80
3411,143,80
3412,169,80
3413,81,80
3414,124,80
3415,81,80
3416,81,80
3417,94,80
3418,116,80
3419,87,80
3420,77,80
3421,94,80
3422,194,80
3423,77,80
3424,143,80
3425,194,80
3426,87,80
3427,87,80
3428,87,80
3429,32,80
3431,32,80
3432,87,80
3433,87,80
3434,87,80
3435,116,80
3436,124,80
3437,81,80
3438,116,80
3439,81,80
3440,81,129
3441,32,80
3442,81,80
3443,116,80
3444,170,80
3445,87,80
3446,81,80
3447,170,80
3448,170,80
3449,81,80
3450,81,80
3451,87,80
3452,81,80
3453,81,80
3454,32,80
3455,32,80
3456,81,80
3457,81,80
3458,46,80
3460,94,80
3462,77,80
3463,87,80
3464,87,80
3465,94,80
3466,94,77
3467,77,94
3468,178,80
3469,87,80
3470,87,80
3471,87,80
3472,81,80
3473,87,80
3474,94,77
3475,87,80
3476,101,80
3477,87,80
3478,87,80
3479,87,80
3480,87,80
3481,87,80
3482,87,80
3483,32,80
3484,81,80
3485,81,80
3486,46,80
3487,87,80
3488,87,80
3489,81,80
3490,46,80
3491,124,80
3492,81,80
3493,32,80
3494,81,80
3495,81,80
3496,87,80
3497,81,87
3498,87,80
3499,46,80
3501,87,80
3502,81,80
3503,81,80
3504,81,80
3505,194,80
3506,122,80
3507,122,46
3508,194,80
3509,116,80
3510,81,80
3511,143,80
3512,46,80
3513,81,80
3514,81,80
3516,32,80
3517,81,80
3518,81,80
3519,32,80
3520,87,80
3521,32,80
3522,32,80
3523,32,80
3524,180,80
3525,116,80
3527,32,80
3528,32,80
3529,32,80
3530,81,80
3531,22,80
3532,22,80
3533,22,80
3534,32,80
3535,124,81
3536,81,80
3537,30,80
3538,22,80
3539,81,80
3540,81,80
3541,81,80
3542,156,80
3543,194,80
3544,81,80
3545,81,80
3546,81,80
3547,81,80
3548,180,80
3549,81,80
3550,180,80
3551,180,80
3552,32,80
3553,180,80
3554,170,80
3555,32,80
3556,87,80
3557,170,80
3558,32,80
3560,81,80
3561,81,80
3562,87,80
3563,87,80
3564,87,80
3565,87,80
3566,81,80
3567,87,80
3568,32,80
3569,81,80
3570,81,80
3571,81,80
3572,93,87
3573,81,80
3574,116,80
3575,81,80
3576,30,80
3577,32,80
3578,81,160
3579,32,80
3580,32,80
3582,124,80
3583,116,80
3584,81,80
3585,124,80
3586,185,80
3587,85,80
3588,116,80
3589,124,80
3590,81,80
3591,87,80
3592,87,80
3593,81,80
3594,81,80
3595,107,80
3596,32,80
3597,225,80
3598,32,80
3599,87,80
3600,87,80
3601,81,80
3602,87,80
3603,87,80
3604,143,80
3606,87,80
3607,194,80
3608,124,80
3609,32,80
3610,81,80
3611,81,80
3612,194,80
3613,194,80
3614,32,80
3615,81,80
3616,81,80
3617,81,80
3618,81,80
3619,32,80
3620,180,80
3621,180,80
3622,32,80
3623,32,80
3624,81,80
3625,32,80
3626,170,80
3627,32,80
3628,87,80
3629,116,80
3630,116,80
3631,87,80
3632,87,80
3633,87,80
3634,185,60
3635,32,80
3636,32,35
3637,32,80
3638,116,80
3639,32,80
3640,32,80
3641,32,80
3642,194,80
3643,194,80
3644,32,80
3645,32,80
3646,32,140
3647,32,80
3648,32,80
3649,32,80
3650,81,80
3651,87,80
3652,32,80
3653,87,80
3654,170,80
3655,32,80
3656,32,80
3657,32,80
3659,81,80
3660,81,80
3661,81,80
3662,216,80
3663,105,80
3664,81,80
3666,156,80
3667,180,80
3668,81,80
3669,156,80
3670,32,156
3671,81,80
3672,81,80
3673,204,80
3674,81,80
3675,143,80
3676,32,80
3677,81,80
3678,81,80
3679,81,80
3680,81,80
3681,204,80
3682,81,80
3683,32,80
3684,180,80
3685,105,80
3686,112,80
3688,81,80
3689,87,80
3691,81,80
3693,180,80
3694,32,80
3695,194,80
3696,32,80
3697,105,80
3698,87,80
3699,87,80
3700,180,80
3701,32,80
3702,124,80
3703,32,80
3704,32,80
3705,180,80
3706,32,80
3707,81,80
3709,168,80
3710,116,80
3711,116,80
3712,204,80
3713,32,80
3714,87,80
3715,87,80
3716,81,80
3717,81,80
3718,32,80
3719,32,80
3720,87,80
3721,112,80
3722,32,80
3723,185,80
3724,32,80
3725,87,80
3726,87,80
3727,174,80
3728,32,80
3729,32,80
3730,87,80
3731,32,80
3732,194,80
3734,194,80
3735,81,80
3737,32,80
3738,32,80
3739,81,80
3740,87,80
3741,81,80
3742,81,80
3743,81,80
3744,135,80
3746,81,80
3747,32,80
3748,81,80
3749,81,80
3750,32,80
3751,81,80
3752,81,80
3753,194,80
3754,168,80
3755,194,80
3756,116,80
3757,87,80
3758,87,80
3759,87,80
3760,87,80
3761,87,80
3762,32,80
3763,81,80
3764,116,80
3765,81,80
3766,105,80
3768,105,124
3769,81,80
3771,86,80
3772,87,80
3773,63,80
3774,87,80
3775,32,80
3776,81,160
3777,32,80
3779,87,80
3780,81,161
3781,87,80
3783,122,80
3784,87,80
3785,32,80
3786,32,80
3787,116,80
3788,116,80
3789,63,80
3790,122,80
3791,32,80
3792,122,80
3793,32,80
3794,116,80
3795,122,80
3796,116,80
3797,81,80
3798,169,80
3799,32,80
3800,32,80
3801,81,80
3802,81,80
3803,32,80
3804,81,160
3805,81,80
3806,180,80
3807,32,80
3808,32,80
3809,180,80
3810,180,80
3811,180,80
3812,32,80
3813,180,80
3814,180,80
3815,180,80
3816,180,80
3817,81,80
3818,32,80
3819,32,80
3820,32,80
3821,32,80
3822,87,80
3823,32,80
3824,32,80
3826,184,80
3827,81,80
3828,81,80
3829,81,80
3830,81,160
3831,185,80
3832,81,80
3833,87,80
3834,81,80
3836,81,80
3837,81,80
3839,32,133
3840,191,80
3841,81,80
3842,81,80
3844,32,80
3845,194,80
3846,196,81
3847,32,80
3848,194,80
3849,124,81
3850,32,80
3851,32,80
3852,32,80
3853,81,80
3854,81,80
3855,32,80
3856,81,80
3857,81,80
3858,32,80
3859,194,80
3860,116,80
3861,32,80
3862,180,80
3863,87,80
3864,165,80
3865,81,80
3866,122,80
3867,81,80
3868,145,80
3869,32,80
3870,87,80
3871,87,80
3872,32,80
3874,32,80
3875,168,145
3876,32,80
3878,81,160
3879,81,32
3880,32,81
3881,32,80
3882,32,80
3884,32,80
3885,124,80
3886,81,80
3888,116,80
3889,144,80
3890,81,80
3891,194,80
3892,32,80
3893,87,80
3894,124,80
3895,124,80
3896,122,80
3897,48,80
3898,48,80
3899,32,80
3900,32,80
3901,116,80
3902,32,80
3903,32,80
3904,32,80
3907,32,80
3908,32,80
3909,32,80
3910,32,80
3912,32,80
3913,32,80
3914,32,80
3915,32,80
3916,225,80
3917,81,80
3918,32,80
3919,81,80
3920,81,80
3921,87,80
3923,10,80
3924,86,80
3925,124,80
3926,32,80
3927,75,208
3928,81,80
3929,81,80
3930,75,208
3932,32,80
3933,32,81
3936,87,80
3937,81,80
3938,81,32
3939,32,80
3940,81,80
3941,81,80
3942,87,80
3943,32,80
3944,87,80
3945,87,80
3946,32,80
3947,194,80
3948,194,80
3949,81,106
3951,32,80
3953,116,80
3954,87,80
3955,105,80
3957,105,80
3958,105,80
3959,15,80
3960,94,80
3961,194,80
3962,194,80
3963,30,80
3964,194,80
3965,30,80
3966,30,80
3967,194,80
3968,194,80
3969,194,80
3970,94,80
3971,87,80
3972,87,80
3974,87,80
3975,194,80
3976,81,80
3977,105,80
3979,87,80
3980,194,80
3981,81,80
3982,80,194
3983,124,80
3984,194,80
3985,87,80
3986,194,80
3987,194,80
3988,194,80
3989,194,80
3990,87,80
3991,81,80
3993,81,80
3994,194,80
3995,180,80
3996,116,80
3997,116,80
3998,116,80
3999,150,80
4000,81,80
4001,81,80
4002,81,80
4003,168,80
4004,135,80
4005,81,80
4006,32,80
4007,168,80
4008,144,80
4009,116,80
4010,32,80
4011,87,168
4012,32,80
4013,124,80
4014,32,80
4015,81,80
4016,87,80
4017,32,80
4018,124,80
4019,87,80
4020,185,80
4021,185,80
4023,180,80
4024,87,80
4025,105,80
4026,124,80
4027,135,80
4028,148,80
4029,32,80
4031,32,80
4032,170,80
4033,81,80
4034,32,80
4035,32,80
4036,32,80
4037,105,80
4038,105,80
4039,105,80
4040,87,80
4041,87,80
4043,81,80
4044,81,80
4045,32,80
4046,32,80
4047,81,80
4048,32,80
4049,32,80
4050,124,80
4051,87,80
4052,87,80
4053,32,80
4054,194,80
4056,87,80
4057,194,80
4058,194,80
4060,194,80
4061,194,80
4062,194,80
4063,87,80
4064,32,80
4065,194,80
4066,81,80
4067,87,80
4068,194,80
4069,194,80
4070,87,80
4071,116,80
4072,81,80
4073,116,80
4074,194,80
4075,194,80
4076,81,80
4077,194,80
4078,194,80
4079,87,80
4080,32,80
4081,116,80
4082,112,80
4083,87,80
4084,194,80
4085,194,80
4086,105,80
4087,32,80
4088,170,80
4089,124,80
4090,124,80
4091,87,80
4092,94,80
4093,87,80
4094,194,80
4095,87,80
4096,87,80
4097,87,80
4098,32,80
4099,32,80
4100,87,80
4101,81,80
4102,180,80
4103,81,80
4104,87,180
4105,116,80
4106,32,80
4107,32,146
4108,32,80
4109,135,80
4110,81,80
4111,180,87
4112,87,80
4113,116,80
4114,194,80
4115,32,80
4116,170,87
4117,32,80
4118,194,80
4119,194,80
4120,87,80
4121,32,80
4122,32,80
4123,105,80
4124,81,80
4125,194,80
4126,194,80
4127,32,80
4128,32,80
4129,194,80
4130,87,80
4131,180,80
4132,16,80
4133,87,80
4134,32,80
4135,32,80
4136,81,80
4137,32,80
4138,81,80
4139,81,80
4140,194,80
4141,81,80
4142,81,80
4143,194,80
4144,194,80
4145,194,80
4146,32,80
4147,75,208
4148,81,160
4150,81,80
4151,81,80
4152,32,80
4153,32,80
4154,81,160
4155,81,80
4156,81,80
4157,81,80
4158,81,80
4159,87,80
4160,32,80
4161,75,74
4162,32,80
4163,81,80
4164,81,80
4165,81,80
4166,122,80
4167,194,80
4168,194,80
4169,116,80
4170,32,80
4171,194,80
4172,87,80
4173,73,80
4174,87,80
4175,122,80
4176,32,80
4178,87,80
4179,32,80
4180,32,80
4181,194,80
4182,32,80
4183,122,80
4184,81,80
4185,81,80
4186,122,80
4187,87,80
4188,185,80
4189,180,80
4190,32,80
4191,32,80
4192,112,80
4193,32,80
4194,32,80
4195,32,80
4196,32,80
4197,87,32
4198,32,80
4199,196,80
4200,196,80
4201,216,80
4202,196,80
4203,194,80
4204,122,80
4205,105,80
4206,116,80
4207,116,80
4208,22,80
4209,81,22
4210,124,81
4211,194,80
4212,185,80
4213,194,80
4214,194,80
4215,194,80
4216,81,80
4217,32,80
4218,81,80
4219,32,80
4220,81,80
4221,81,80
4222,81,80
4223,170,80
4224,42,80
4225,32,80
4226,93,87
4227,86,80
4228,87,80
4229,81,80
4230,32,80
4231,194,80
4232,194,80
4233,124,80
4234,32,80
4235,196,80
4236,175,80
4237,81,80
4238,81,80
4239,32,80
4240,135,80
4241,42,80
4242,124,80
4243,135,80
4244,81,80
4245,87,80
4246,42,80
4247,32,80
4248,32,80
4250,32,80
4251,32,80
4252,32,80
4253,170,80
4254,180,80
4255,34,80
4256,196,80
4257,194,80
4258,194,80
4259,122,80
4260,32,80
4261,81,80
4262,81,80
4263,87,80
4264,32,80
4265,81,80
4266,81,80
4267,81,80
4268,87,80
4269,81,80
4270,196,80
4271,116,80
4272,81,80
4273,25,80
4274,194,80
4275,81,80
4276,144,80
4277,124,80
4278,149,80
4279,81,80
4280,116,80
4281,124,80
4282,32,80
4283,124,80
4284,112,80
4285,112,80
4286,116,80
4287,105,80
4288,105,80
4289,32,80
4290,112,80
4291,32,80
4292,194,80
4293,32,80
4294,81,80
4295,32,80
4296,194,80
4297,112,80
4298,32,80
4299,112,80
4301,81,80
4302,81,112
4303,87,80
4304,81,80
4305,32,80
4306,81,32
4307,87,80
4308,32,80
4309,32,81
4310,87,80
4311,87,80
4312,32,80
4313,32,80
4314,32,80
4315,32,80
4316,32,80
4317,32,80
4318,81,80
4319,81,80
4320,196,80
4322,170,80
4323,81,80
4324,81,80
4325,81,170
4326,32,80
4327,105,60
4328,143,80
4329,32,80
4330,81,80
4331,32,80
4332,32,80
4334,32,80
4335,81,80
4336,87,80
4337,87,80
4338,87,80
4339,87,80
4340,32,80
4341,32,80
4342,87,80
4343,81,80
4344,81,80
4345,32,80
4346,81,80
4347,81,80
4348,81,80
4349,81,80
4350,87,80
4351,32,80
4352,81,80
4353,81,80
4354,81,80
4355,81,80
4356,116,80
4357,87,80
4358,216,80
4359,63,80
4360,180,80
4361,66,80
4362,116,80
4363,116,80
4367,32,80
4368,32,80
4369,32,80
4370,180,80
4371,32,80
4372,81,80
4373,87,80
4374,81,80
4375,116,80
4376,116,80
4377,122,32
4378,32,80
4379,81,80
4380,81,80
4381,32,80
4382,112,80
4383,32,80
4384,32,80
4385,32,80
4386,112,80
4387,32,80
4388,81,80
4389,63,80
4390,81,80
4391,32,80
4392,32,80
4394,81,80
4395,194,80
4396,81,80
4397,81,80
4398,81,137
4399,81,80
4400,32,80
4401,81,80
4402,32,80
4403,86,80
4404,32,80
4405,87,80
4406,87,80
4407,32,80
4408,81,80
4410,194,80
4412,32,80
4413,32,80
4414,142,80
4415,170,80
4416,32,80
4417,87,80
4418,87,80
4419,32,80
4420,210,80
4422,16,80
4424,16,80
4426,180,80
4427,170,80
4428,32,80
4429,194,80
4430,32,80
4431,81,80
4432,81,80
4433,32,80
4434,170,80
4435,32,80
4436,81,80
4437,81,80
4438,87,80
4439,87,80
4440,87,80
4441,32,80
4442,81,80
4443,122,80
4444,87,80
4445,87,80
4446,87,81
4447,87,80
4448,87,80
4449,87,80
4450,87,80
4452,87,80
4453,87,80
4454,87,80
4455,87,80
4456,87,80
4457,194,80
4458,105,80
4460,180,80
4461,180,80
4462,87,80
4463,41,80
4464,116,80
4465,81,80
4466,116,80
4467,116,80
4468,81,80
4469,81,80
4470,185,80
4471,41,87
4473,170,80
4474,32,80
4475,32,80
4476,81,80
4477,32,80
4478,87,80
4479,194,80
4480,105,80
4481,124,80
4482,124,80
4483,105,23
4484,116,80
4485,112,80
4486,87,80
4487,81,80
4488,81,80
4490,81,80
4491,32,80
4492,32,80
4493,170,80
4494,87,80
4495,170,80
4496,87,80
4498,81,80
4499,194,80
4500,105,80
4501,32,80
4502,116,80
4503,81,80
4504,32,80
4505,32,80
4506,143,80
4507,32,80
4508,32,80
4509,87,80
4510,87,80
4511,81,80
4512,81,80
4513,87,80
4514,116,80
4515,81,80
4516,87,80
4517,87,80
4518,87,80
4519,32,80
4520,32,80
4521,81,80
4522,81,80
4523,81,80
4524,81,80
4526,32,80
4527,81,80
4528,116,80
4529,87,80
4530,81,80
4531,194,80
4532,194,80
4533,194,80
4534,194,80
4535,32,80
4536,144,80
4537,116,80
4538,87,80
4539,32,80
4540,32,80
4541,32,32
4542,112,80
4543,32,59
4544,116,80
4545,194,80
4546,32,80
4547,116,80
4548,170,80
4549,32,80
4550,87,80
4551,81,80
4552,32,80
4553,81,80
4554,81,80
4555,81,80
4556,194,80
4557,87,80
4558,32,80
4560,87,80
4561,87,80
4562,194,80
4563,87,80
4564,87,80
4565,87,80
4566,124,80
4567,87,80
4568,87,80
4569,194,80
4570,81,80
4571,87,80
4573,87,80
4574,87,80
4575,194,80
4576,194,80
4577,194,80
4578,205,80
4579,194,80
4580,205,80
4581,194,80
4582,81,80
4583,32,80
4584,87,80
4585,143,80
4586,194,80
4587,81,80
4588,194,80
4589,81,80
4590,32,32
4591,105,80
4592,87,80
4593,81,80
4594,87,80
4595,87,80
4596,81,80
4597,81,80
4598,81,80
4599,32,80
4600,180,80
4601,112,80
4602,32,80
4603,32,80
4605,32,80
4606,116,80
4607,81,80
4608,81,80
4610,81,80
4611,148,80
4612,87,80
4613,81,80
4614,81,80
4615,81,80
4616,170,80
4617,15,80
4618,180,80
4619,148,80
4620,116,80
4621,143,80
4622,10,80
4623,142,80
4624,81,80
4625,105,168
4626,105,80
4627,32,105
4628,105,80
4629,194,80
4630,32,80
4631,88,14
4634,87,80
4635,180,80
4636,81,80
4637,180,80
4638,32,80
4639,122,32
4640,122,80
4641,32,122
4643,122,80
4644,122,80
4645,32,80
4646,32,81
4647,32,80
4648,87,80
4649,81,32
4650,194,80
4651,194,80
4652,194,80
4653,87,80
4654,81,80
4655,32,80
4656,87,80
4657,143,80
4658,87,80
4659,194,80
4660,32,80
4661,194,80
4662,32,80
4663,87,80
4664,32,80
4665,87,80
4666,87,80
4667,87,80
4668,81,80
4669,180,80
4670,87,80
4671,81,80
4672,32,80
4673,81,80
4674,180,80
4675,87,80
4676,81,80
4677,182,80
4678,124,80
4679,194,80
4680,87,80
4682,32,80
4684,32,80
4685,116,80
4688,87,80
4689,87,80
4690,180,80
4692,32,80
4693,116,80
4694,180,80
4695,32,80
4696,170,80
4697,32,80
4698,87,80
4699,124,80
4700,170,80
4701,170,80
4703,87,170
4704,87,80
4705,87,80
4706,15,80
4707,112,80
4708,87,80
4709,124,80
4710,116,80
4711,112,80
4712,112,80
4713,32,80
4714,142,80
4715,143,80
4716,180,80
4717,143,80
4718,113,80
4719,87,80
4720,81,80
4722,116,80
4723,116,80
4724,81,80
4725,122,80
4726,32,80
4727,105,80
4728,87,80
4729,87,80
4730,32,80
4731,170,80
4732,180,80
4733,81,80
4734,194,80
4735,87,80
4736,87,80
4737,32,80
4738,122,80
4739,87,80
4740,194,80
4741,32,80
4742,87,80
4743,81,80
4744,32,80
4745,32,80
4746,81,80
4747,32,80
4748,81,80
4749,87,80
4751,194,80
4752,116,80
4753,116,80
4754,81,80
4755,81,80
4756,81,80
4757,81,80
4758,81,80
4759,81,80
4760,116,80
4761,87,80
4762,87,80
4763,81,87
4764,81,116
4765,116,81
4766,116,80
4767,116,80
4768,124,116
4769,194,80
4770,87,80
4771,116,80
4772,81,80
4773,81,80
4774,32,80
4775,32,80
4776,81,80
4777,205,80
4778,87,80
4779,32,80
4780,124,80
4781,87,80
4782,170,80
4783,87,80
4784,194,80
4785,124,80
4786,81,80
4787,124,81
4788,116,80
4789,81,124
4790,105,80
4791,205,80
4792,116,80
4793,32,80
4794,12,80
4796,87,80
4797,87,80
4798,87,80
4799,87,80
4800,87,80
4801,124,80
4802,32,80
4803,87,80
4804,87,80
4805,87,80
4806,87,80
4807,32,80
4808,81,80
4809,194,80
4810,87,80
4811,32,80
4812,32,80
4813,63,80
4814,122,80
4815,32,80
4816,124,80
4817,87,80
4818,32,80
4819,87,80
4820,32,80
4821,32,80
4822,32,80
4823,81,80
4825,81,80
4826,87,80
4827,81,80
4828,81,80
4829,87,80
4830,116,80
4831,116,80
4832,116,80
4833,105,80
4834,143,80
4835,116,80
4836,87,80
4837,142,80
4838,81,80
4839,194,80
4840,105,135
4841,63,80
4842,32,115
4844,87,80
4845,32,80
4847,32,80
4848,32,80
4849,32,80
4850,32,80
4851,32,80
4852,170,80
4853,32,80
4854,81,80
4855,32,80
4856,32,80
4857,32,80
4858,32,80
4859,168,80
4860,93,87
4861,32,80
4862,194,80
4863,168,80
4864,81,80
4865,81,80
4866,87,80
4867,87,80
4868,87,80
4869,87,80
4870,87,80
4871,87,80
4872,87,80
4873,194,80
4874,81,80
4875,124,80
4876,87,80
4877,87,80
4878,32,80
4879,32,80
4880,87,80
4881,81,80
4882,32,80
4883,168,80
4885,143,80
4886,216,80
4887,87,80
4888,105,80
4889,87,80
4891,87,80
4892,116,80
4893,81,80
4894,32,80
4896,32,32
4897,87,80
4898,32,80
4899,87,80
4900,170,80
4901,87,80
4902,32,80
4903,87,80
4904,81,80
4906,87,80
4907,81,80
4908,87,80
4909,87,80
4910,87,80
4911,32,80
4912,225,80
4913,87,80
4914,87,80
4915,87,80
4916,81,80
4917,81,80
4918,205,80
4919,87,80
4920,194,80
4921,77,80
4923,81,80
4924,81,80
4925,81,80
4926,81,80
4927,87,80
4928,87,80
4929,81,80
4930,81,80
4931,32,80
4932,81,80
4933,87,80
4934,194,80
4935,81,80
4936,81,80
4937,87,80
4938,32,80
4939,81,80
4940,81,80
4941,81,80
4942,81,80
4944,124,80
4945,32,80
4946,87,80
4947,81,80
4948,87,80
4949,143,80
4950,124,80
4951,32,80
4952,32,80
4953,105,80
4954,32,80
4955,32,80
4956,32,80
4957,105,80
4958,140,99
4959,87,80
4960,87,80
4961,87,80
4962,87,80
4963,87,80
4964,124,80
4965,124,80
4966,87,80
4967,81,80
4968,124,80
4969,32,80
4970,194,80
4971,32,80
4972,81,80
4973,81,80
4974,124,81
4975,116,80
4976,87,80
4978,122,80
4979,122,80
4980,32,80
4981,194,80
4982,32,80
4983,122,80
4984,122,80
4985,205,80
4986,156,80
4987,32,80
4988,32,80
4989,87,80
4990,87,80
4991,32,80
4992,128,80
4993,32,80
4994,32,198
4995,32,80
4997,32,80
4999,81,80
5000,194,80
5001,194,80
5002,87,80
5003,87,80
5004,81,80
5006,32,80
5008,194,80
5009,194,80
5010,194,80
5011,194,80
5012,194,80
5013,194,80
5014,32,80
5015,32,80
5016,32,80
5017,32,80
5018,32,80
5021,32,80
5022,124,80
5023,87,80
5024,32,80
5025,32,80
5026,32,80
5027,81,80
5028,32,80
5029,81,80
5030,32,80
5032,32,80
5033,170,80
5034,170,80
5035,32,80
5036,32,80
5037,81,80
5038,32,80
5039,124,80
5040,30,80
5041,144,80
5042,87,80
5043,143,80
5044,194,80
5045,32,32
5046,81,80
5049,32,80
5050,225,80
5051,32,80
5052,116,80
5053,87,80
5054,116,80
5055,81,80
5056,124,80
5057,144,80
5058,116,80
5059,124,80
5060,116,80
5061,81,80
5062,124,80
5063,194,80
5064,156,80
5065,81,80
5066,32,80
5067,32,80
5068,32,80
5069,116,80
5070,32,80
5071,32,80
5073,32,80
5074,32,80
5075,87,80
5076,116,80
5077,197,80
5078,22,80
5079,87,80
5080,87,80
5082,81,80
5083,180,80
5085,87,80
5086,87,80
5087,194,80
5088,116,80
5089,87,80
5090,116,80
5091,32,145
5092,87,80
5093,32,80
5094,32,80
5095,32,80
5096,81,80
5097,194,80
5098,81,80
5099,81,80
5102,16,80
5103,194,80
5104,87,80
5105,16,80
5106,32,80
5107,194,80
5108,144,80
5109,32,80
5110,185,80
5111,116,80
5112,194,80
5113,194,80
5114,87,80
5115,196,80
5116,87,80
5117,32,80
5118,116,80
5119,87,80
5120,87,80
5121,32,80
5122,16,19
5123,32,80
5124,87,80
5125,81,80
5126,81,80
5127,81,80
5128,81,80
5129,87,80
5130,194,80
5131,81,80
5132,81,80
5133,87,80
5134,32,80
5135,87,80
5137,87,80
5138,10,80
5139,124,80
5140,124,80
5141,87,80
5142,116,80
5143,81,80
5146,81,80
5147,87,80
5148,87,80
5149,87,80
5150,87,80
5151,81,80
5152,87,80
5153,87,80
5154,81,80
5155,81,80
5156,81,80
5157,194,80
5158,194,80
5159,87,80
5160,116,80
5162,105,80
5164,87,80
5166,87,80
5167,32,80
5168,180,80
5169,32,80
5170,180,80
5171,32,80
5172,81,80
5173,180,80
5174,32,80
5175,170,80
5176,87,80
5177,81,80
5178,16,80
5179,87,170
5180,87,80
5181,87,80
5182,32,80
5183,87,80
5184,30,80
5185,77,80
5186,77,80
5187,87,80
5188,180,80
5189,32,80
5190,32,80
5191,77,80
5192,87,80
5193,81,80
5194,81,80
5195,32,80
5196,81,80
5197,81,80
5198,81,80
5199,81,80
5200,16,80
5201,87,80
5202,87,80
5203,87,80
5204,87,80
5205,87,80
5206,170,80
5207,87,80
5208,87,80
5209,81,80
5210,87,80
5211,87,80
5212,32,80
5213,81,80
5214,81,80
5215,32,80
5216,170,80
5217,81,80
5218,170,80
5219,81,80
5220,32,80
5221,81,80
5222,87,80
5223,87,80
5224,81,80
5225,180,80
5226,180,80
5227,116,80
5228,32,80
5229,81,80
5230,81,80
5231,180,80
5232,81,80
5235,176,80
5236,87,170
5237,81,80
5238,87,80
5239,77,80
5240,87,80
5241,87,80
5242,81,80
5243,87,80
5244,81,80
5245,81,80
5246,194,80
5247,87,80
5248,87,80
5249,87,80
5250,170,80
5251,87,80
5252,81,80
5253,87,80
5254,87,80
5255,32,80
5256,32,80
5257,32,80
5258,194,80
5259,194,80
5260,87,80
5261,170,80
5262,87,80
5263,87,80
5265,170,80
5266,87,80
5267,32,80
5268,150,80
5269,81,80
5270,116,80
5271,116,80
5272,116,80
5273,32,80
5274,81,80
5275,81,80
5277,32,80
5278,32,80
5280,87,80
5281,87,80
5282,32,80
5283,180,80
5285,32,180
5286,196,80
5287,194,80
5288,30,80
5289,124,80
5290,32,80
5291,150,80
5292,124,80
5293,81,80
5294,16,80
5295,105,80
5296,206,17
5297,81,80
5298,30,80
5299,32,80
5300,81,80
5301,124,80
5302,143,80
5303,87,80
5304,32,80
5305,170,80
5306,87,80
5307,87,80
5308,87,80
5309,170,80
5311,81,80
5312,170,80
5313,32,80
5314,32,80
5315,124,170
5316,170,80
5317,170,80
5318,150,80
5319,150,80
5320,32,80
5321,194,80
5322,86,80
5323,86,80
5324,180,80
5325,87,80
5326,150,80
5327,150,80
5328,87,80
5329,105,80
5330,32,80
5331,81,80
5332,194,80
5333,194,80
5334,210,80
5335,87,80
5336,180,80
5337,194,80
5339,116,80
5340,194,80
5341,81,80
5342,32,80
5343,143,80
5344,180,80
5345,116,80
5346,32,80
5347,32,80
5348,32,80
5349,32,80
5350,32,80
5351,180,80
5352,32,80
5353,87,80
5354,87,80
5356,87,80
5357,87,80
5358,81,80
5359,81,80
5360,81,80
5361,81,80
5362,32,80
5363,124,80
5364,194,80
5366,185,80
5367,116,80
5368,81,80
5369,194,80
5370,30,80
5371,81,80
5372,32,32
5373,180,80
5374,124,80
5375,81,80
5376,32,80
5377,32,80
5378,87,80
5380,194,80
5381,81,80
5383,194,80
5384,194,80
5385,150,80
5386,81,150
5387,81,80
5388,81,80
5389,81,80
5390,87,80
5391,87,80
5392,194,80
5393,194,80
5394,87,80
5395,32,80
5397,32,80
5398,87,80
5399,194,80
5400,194,80
5401,194,80
5402,194,80
5403,194,80
5404,32,80
5405,87,80
5406,87,80
5407,116,80
5408,87,80
5409,32,80
5410,144,80
5411,185,80
5413,170,80
5414,194,80
5415,80,194
5416,194,80
5417,194,80
5418,194,80
5419,194,80
5420,194,80
5421,194,80
5422,124,80
5423,122,80
5424,32,59
5425,32,80
5426,124,80
5427,124,80
5428,32,80
5429,124,80
5430,81,124
5431,124,80
5432,194,80
5433,194,80
5434,81,80
5435,194,80
5436,116,80
5437,81,80
5438,170,80
5439,87,80
5440,87,80
5441,105,80
5443,32,80
5444,32,80
5445,170,80
5446,170,80
5447,32,80
5448,116,80
5449,87,80
5450,105,80
5453,87,80
5454,87,80
5455,87,80
5456,87,80
5457,124,80
5458,15,80
5459,87,80
5460,194,80
5461,194,80
5462,87,80
5463,105,80
5464,105,80
5465,87,80
5466,143,80
5467,105,80
5468,81,80
5469,124,80
5470,122,80
5471,87,80
5472,194,80
5473,87,80
5474,87,80
5475,180,80
5476,87,80
5478,87,80
5479,32,180
5480,81,80
5481,116,80
5482,194,80
5483,32,80
5484,194,80
5485,32,80
5486,32,80
5487,105,80
5488,87,80
5491,185,80
5492,144,80
5493,81,80
5494,144,80
5495,87,80
5496,87,80
5497,116,80
5498,142,80
5499,194,80
5500,194,80
5501,194,80
5502,194,80
5503,226,80
5504,194,80
5505,194,80
5506,194,80
5507,194,80
5508,194,80
5509,87,80
5510,87,80
5511,116,80
5512,41,80
5513,87,80
5514,87,80
5515,87,80
5516,87,80
5517,81,41
5518,81,80
5519,81,80
5520,87,80
5521,32,80
5522,87,80
5523,105,80
5524,32,80
5525,170,80
5526,87,80
5527,105,80
5528,170,87
5529,170,80
5530,81,80
5531,170,80
5532,170,80
5533,81,80
5534,87,80
5535,81,80
5536,81,80
5537,143,80
5538,32,80
5539,81,80
5540,116,80
5541,32,80
5542,116,80
5543,16,80
5544,194,80
5545,87,80
5546,32,80
5547,124,80
5548,116,80
5549,81,80
5550,87,80
5551,16,80
5552,87,80
5553,185,16
5554,87,80
5555,87,80
5556,32,80
5557,87,80
5558,116,80
5559,116,80
5560,32,80
5561,87,80
5562,32,80
5563,32,80
5564,81,80
5565,87,80
5566,87,80
5567,81,80
5568,116,80
5569,16,80
5570,81,16
5571,180,80
5572,180,80
5573,124,80
5574,194,80
5575,81,80
5576,116,80
5577,196,80
5578,216,80
5579,81,80
5581,170,80
5582,116,80
5583,180,80
5584,194,80
5585,180,80
5586,32,80
5587,87,80
5588,87,80
5589,87,80
5590,116,80
5591,122,80
5592,180,80
5593,32,80
5594,32,80
5595,180,80
5596,180,80
5597,32,80
5598,32,80
5599,32,80
5600,143,80
5602,143,80
5603,194,80
5604,143,80
5605,87,80
5606,87,80
5607,32,80
5608,87,80
5609,87,80
5610,87,80
5611,87,80
5612,87,80
5613,81,80
5614,81,80
5615,81,80
5616,87,80
5617,81,80
5618,143,80
5620,180,80
5621,142,80
5622,142,80
5623,87,80
5624,87,80
5625,87,80
5626,32,80
5627,143,80
5628,81,80
5629,87,80
5630,87,80
5631,170,80
5632,87,80
5633,170,80
5634,87,170
5635,87,80
5636,81,80
5637,81,80
5638,81,80
5639,170,80
5640,87,80
5641,194,80
5642,194,80
5643,81,80
5644,32,80
5645,87,80
5646,87,80
5647,32,80
5648,116,80
5649,81,80
5650,81,80
5651,116,80
5652,32,80
5653,81,80
5654,218,80
5655,81,80
5657,81,80
5658,87,80
5659,32,80
5660,140,80
5663,180,80
5664,81,80
5665,32,80
5666,87,80
5667,170,80
5668,81,80
5669,81,80
5670,32,80
5671,87,80
5672,80,111
5673,80,111
5674,87,80
5675,170,80
5676,170,80
5677,116,80
5678,87,80
5679,87,80
5680,81,80
5681,81,80
5682,87,80
5683,87,80
5684,32,80
5685,170,80
5686,72,80
5689,72,80
5690,105,80
5691,32,80
5692,87,80
5693,87,80
5694,72,80
5695,87,80
5696,87,80
5697,87,80
5698,72,80
5700,180,80
5702,87,80
5703,81,80
5704,87,80
5705,87,80
5706,81,80
5707,81,80
5708,116,80
5709,32,80
5710,87,80
5711,32,80
5712,170,80
5713,32,80
5714,16,80
5715,87,80
5716,87,80
5717,32,80
5718,180,80
5719,87,80
5720,180,80
5721,180,80
5722,180,80
5723,81,80
5724,81,80
5725,16,80
5726,150,80
5727,32,80
5728,87,80
5729,81,80
5730,180,80
5731,87,80
5732,170,80
5733,87,80
5734,150,80
5735,124,80
5736,81,80
5737,124,80
5738,87,80
5739,22,80
5740,87,80
5741,32,80
5742,87,80
5743,22,80
5744,81,80
5745,81,80
5746,32,80
5747,32,80
5748,192,80
5749,81,80
5750,170,80
5751,12,80
5752,185,80
5753,143,80
5754,105,80
5755,81,80
5756,81,80
5757,81,80
5758,194,80
5759,194,80
5760,87,80
5761,81,80
5762,124,80
5763,81,124
5764,87,80
5765,87,80
5766,124,80
5767,124,80
5768,124,80
5770,197,80
5771,87,80
5772,81,80
5773,32,80
5774,81,80
5775,81,80
5776,16,80
5777,16,80
5778,87,80
5779,87,80
5780,81,80
5781,32,80
5782,81,80
5783,180,80
5784,81,80
5785,32,80
5786,87,80
5787,194,80
5788,194,80
5789,122,80
5790,81,80
5791,194,80
5792,32,80
5793,122,80
5794,81,80
5795,194,80
5796,116,80
5797,116,80
5798,81,80
5799,81,80
5800,81,80
5801,116,80
5802,194,80
5803,81,80
5804,81,80
5806,32,80
5807,105,80
5808,81,80
5809,105,80
5810,81,80
5811,87,80
5812,105,80
5813,87,80
5814,32,87
5815,87,80
5816,87,80
5817,87,80
5818,116,80
5819,116,80
5820,116,80
5821,86,80
5822,87,80
5823,180,80
5824,142,80
5825,87,80
5826,81,80
5828,105,86
5829,32,80
5833,105,80
5834,116,80
5835,81,80
5836,81,80
5837,81,80
5838,87,80
5839,124,80
5840,81,124
5841,116,80
5842,191,80
5843,168,80
5844,81,80
5845,87,80
5846,87,80
5847,87,80
5848,170,80
5849,116,80
5850,105,80
5851,16,80
5852,116,80
5853,81,80
5854,116,80
5855,122,80
5856,32,80
5857,81,80
5858,87,80
5859,87,80
5860,81,80
5861,116,80
5862,81,80
5863,122,80
5864,116,80
5865,116,80
5867,116,80
5868,116,80
5869,32,80
5870,32,80
5871,32,80
5872,116,80
5873,81,80
5874,87,80
5876,116,80
5877,81,80
5878,122,80
5879,122,80
5880,194,80
5882,16,80
5889,81,80
5893,81,80
5894,116,80
5895,81,80
5896,194,80
5897,81,80
5898,105,80
5899,81,80
5900,81,80
5901,143,80
5902,87,80
5905,32,80
5906,81,80
5907,32,80
5908,81,80
5910,87,80
5911,87,80
5913,81,80
5914,150,80
5915,87,80
5916,87,80
5917,81,80
5918,32,80
5919,116,80
5920,32,80
5921,116,80
5922,116,80
5923,116,80
5924,194,80
5925,81,80
5926,153,80
5927,105,80
5928,81,80
5929,194,80
5930,194,80
5931,81,80
5932,122,80
5933,194,80
5934,81,80
5935,87,80
5936,81,80
5937,87,80
5938,32,80
5939,81,80
5940,81,80
5941,194,80
5942,116,80
5943,87,80
5944,194,80
5945,16,80
5946,32,80
5947,81,80
5948,32,80
5949,170,80
5950,170,80
5951,170,80
5952,170,80
5953,170,80
5954,87,80
5955,170,80
5956,87,81
5957,170,80
5958,143,80
5959,170,80
5960,116,80
5961,87,170
5962,116,80
5963,81,80
5964,116,80
5965,124,80
5967,81,80
5968,124,80
5969,124,80
5970,32,80
5971,32,80
5972,102,80
5973,105,80
5974,81,80
5975,194,80
5977,87,80
5978,32,80
5979,93,80
5981,32,80
5982,81,80
5983,32,80
5984,87,80
5986,122,80
5987,32,80
5988,32,80
5989,87,80
5990,32,80
5991,194,80
5994,194,80
5995,81,80
5996,32,80
5997,32,80
5999,180,80
6000,22,80
6001,81,80
6002,123,80
6003,87,80
6004,180,80
6005,87,80
6006,143,80
6007,105,80
6009,144,80
6011,32,80
6014,87,80
6015,180,80
6016,32,80
6018,32,80
6019,123,80
6020,81,80
6021,32,86
6022,116,80
6023,170,80
6024,32,80
6025,81,80
6026,122,80
6027,194,80
6028,81,80
6029,32,80
6032,194,80
6033,122,80
6034,143,80
6035,143,80
6036,113,80
6037,81,80
6039,81,80
6040,81,80
6041,194,80
6042,194,80
6044,81,80
6045,116,80
6046,194,80
6047,81,80
6048,81,80
6049,81,80
6050,81,80
6051,81,80
6052,116,80
6053,143,80
6054,116,80
6055,116,80
6056,81,80
6058,81,80
6059,116,80
6060,116,80
6061,32,80
6062,81,80
6063,169,80
6064,81,80
6065,32,80
6066,16,80
6067,86,80
6068,32,80
6069,116,80
6070,87,86
6071,81,80
6072,194,80
6073,86,80
6074,81,80
6075,81,80
6076,16,80
6077,81,80
6078,194,80
6079,32,81
6080,81,80
6081,116,80
6082,81,80
6083,32,80
6084,81,80
6085,87,80
6086,87,80
6087,116,80
6088,81,80
6089,87,80
6090,81,80
6091,81,80
6092,12,80
6093,81,80
6094,87,80
6095,87,80
6097,81,80
6098,81,80
6099,81,80
6101,81,80
6102,116,80
6103,116,80
6104,81,80
6105,116,80
6106,116,80
6107,116,80
6108,116,80
6109,116,80
6110,116,80
6111,194,80
6112,105,80
6113,116,80
6114,116,80
6115,116,80
6117,116,80
6118,87,80
6119,81,80
6120,116,80
6121,116,80
6122,194,80
6123,12,80
6124,81,80
6125,87,80
6126,81,80
6127,123,80
6128,81,80
6129,32,80
6130,170,80
6131,32,80
6132,170,80
6133,87,80
6134,87,80
6135,32,80
6136,81,80
6137,116,80
6138,81,80
6139,81,80
6140,87,80
6141,81,80
6142,32,80
6143,81,80
6144,81,80
6145,81,80
6146,194,80
6147,81,80
6148,90,80
6149,192,80
6150,87,80
6151,124,80
6152,81,80
6153,116,80
6154,32,80
6155,116,80
6157,87,80
6158,32,80
6159,122,80
6161,32,80
6162,81,80
6163,122,80
6164,32,80
6165,81,80
6166,81,80
6167,81,80
6168,81,80
6170,81,80
6176,87,80
6179,87,80
6182,87,80
6185,81,80
6186,81,80
6187,81,80
6188,81,80
6189,113,80
6190,81,80
6191,216,80
6192,81,80
6193,194,80
6194,81,80
6195,122,80
6196,194,80
6197,192,80
6198,81,80
6199,116,80
6200,116,80
6201,116,80
6202,194,80
6203,87,80
6204,87,80
6205,122,80
6207,81,80
6208,81,80
6209,194,80
6210,87,80
6213,87,80
6214,87,80
6216,81,80
6217,87,80
6218,32,80
6219,87,80
6220,87,80
6221,81,80
6223,124,80
6225,87,80
6226,170,80
6227,87,80
6228,81,80
6230,170,80
6233,81,80
6234,81,80
6235,81,80
6236,81,80
6237,81,80
6238,32,80
6239,81,80
6240,77,80
6241,81,80
6242,81,80
6243,87,80
6244,22,80
6245,87,80
6246,81,80
6247,81,80
6248,122,80
6249,81,80
6250,122,80
6251,116,80
6252,98,80
6253,98,80
6254,98,80
6255,98,80
6256,81,80
6257,194,80
6258,77,80
6259,87,80
6260,81,80
6261,81,80
6262,32,80
6263,32,80
6264,81,80
6265,81,80
6266,12,80
6267,81,80
6268,87,80
6269,105,80
6270,122,80
6271,81,80
6274,77,95
6275,122,80
6276,81,80
6277,142,80
6278,170,80
6279,105,80
6281,87,80
6282,105,80
6283,87,80
6284,65,80
6285,87,81
6286,122,80
6287,87,80
6288,81,80
6289,87,80
6290,87,80
6291,87,80
6292,87,80
6293,122,80
6294,32,80
6295,194,80
6296,12,80
6297,116,80
6298,81,80
6299,81,80
6300,87,80
6302,81,80
6303,87,80
6304,81,80
6305,87,80
6306,32,80
6307,32,32
6308,81,80
6309,87,80
6310,32,81
6311,81,80
6312,192,80
6313,87,80
6314,81,32
6315,87,80
6316,87,80
6317,81,80
6318,122,80
6319,122,80
6320,32,80
6321,32,80
6322,87,80
6325,87,80
6326,116,80
6327,87,80
6328,32,80
6329,116,80
6330,81,116
6331,32,80
6332,113,80
6333,116,81
6334,87,80
6335,122,80
6336,116,80
6337,204,80
6338,81,80
6339,81,80
6340,116,80
6341,194,80
6342,116,80
6343,32,80
6344,81,80
6345,194,80
6346,81,80
6347,81,80
6348,81,80
6350,87,80
6351,81,80
6353,87,80
6354,81,80
6355,124,80
6356,143,80
6358,81,80
6359,116,80
6360,87,80
6361,124,80
6362,32,80
6365,81,80
6366,32,80
6367,194,80
6369,143,80
6370,32,80
6372,81,80
6374,87,80
6375,87,80
6376,113,80
6377,32,80
6378,116,80
6379,81,80
6381,81,80
6382,194,80
6383,16,80
6384,194,80
6385,180,80
6386,81,80
6387,16,80
6388,32,80
6389,116,80
6390,81,80
6391,32,80
6392,180,80
6393,122,80
6394,81,80
6395,225,80
6396,32,80
6397,16,80
6398,81,80
6399,32,80
6400,81,80
6401,180,80
6402,170,80
6403,32,32
6404,180,80
6405,32,80
6406,113,80
6407,87,80
6408,32,80
6409,87,80
6410,143,80
6411,105,80
6412,143,80
6413,87,80
6414,122,80
6415,180,80
6416,116,80
6417,194,80
6418,32,80
6420,194,80
6421,194,80
6423,153,80
6424,194,80
6425,32,80
6426,81,80
6427,170,80
6428,87,80
6429,116,80
6430,194,80
6431,81,80
6432,81,80
6433,87,170
6434,32,80
6435,81,80
6436,170,80
6437,81,80
6438,16,80
6439,87,80
6440,105,80
6441,81,80
6442,105,80
6443,81,80
6444,81,80
6445,105,80
6446,170,80
6447,32,80
6448,135,80
6449,81,80
6451,32,80
6452,168,80
6453,87,80
6454,94,80
6455,87,80
6456,81,80
6457,81,80
6458,81,80
6459,87,80
6460,81,80
6461,81,80
6462,81,80
6463,81,80
6464,81,80
6465,87,80
6466,112,80
6467,81,80
6468,81,80
6469,81,80
6471,32,80
6473,87,80
6474,87,80
6475,81,80
6476,47,14
6478,170,80
6479,170,80
6480,87,80
6481,81,80
6482,9,80
6483,81,80
6484,32,80
6485,122,80
6486,116,80
6487,194,80
6488,194,80
6489,81,80
6490,81,80
6491,143,80
6492,143,80
6493,32,80
6494,194,80
6495,81,80
6497,87,80
6498,87,80
6499,194,80
6500,32,80
6501,170,80
6503,105,80
6504,116,80
6505,81,80
6506,87,105
6507,194,80
6509,81,80
6510,87,80
6511,87,80
6513,81,80
6514,112,80
6515,94,80
6517,81,80
6518,81,80
6519,81,80
6520,32,80
6521,32,80
6522,81,80
6523,38,80
6524,81,80
6525,81,80
6526,81,80
6528,103,80
6529,87,80
6530,81,80
6531,87,80
6534,87,80
6535,81,80
6537,81,80
6538,81,80
6539,81,80
6540,81,80
6541,80,32
6542,124,80
6543,180,80
6544,80,32
6545,87,180
6546,87,80
6547,32,80
6548,81,80
6549,32,80
6550,32,80
6551,48,80
6552,80,185
6553,80,116
6554,81,80
6555,81,80
6556,80,60
6557,80,112
6558,80,124
6559,116,80
6560,80,194
6561,87,48
6562,80,112
6563,80,112
6564,116,80
6565,81,80
6566,80,116
6568,80,112
6569,194,80
6570,80,32
6571,116,80
6572,80,112
6573,194,80
6574,80,185
6575,80,185
6576,80,32
6577,80,81
6578,87,80
6579,80,112
6580,116,80
6581,116,80
6582,116,80
6583,116,80
6584,80,87
6585,116,80
6586,81,80
6587,81,80
6588,80,32
6589,48,80
6590,80,66
6591,80,66
6592,80,116
6593,7,80
6594,80,116
6595,80,116
6596,80,116
6597,81,80
6598,81,80
6600,81,80
6602,80,116
6603,149,80
6604,194,80
6605,103,80
6606,81,80
6607,225,80
6608,87,80
6609,116,80
6610,80,116
6611,105,80
6612,81,80
6613,105,80
6614,105,80
6615,80,174
6616,81,80
6617,113,80
6618,80,32
6619,32,80
6620,87,80
6621,80,124
6622,32,80
6623,142,80
6624,80,124
6625,87,80
6626,194,80
6627,80,32
6628,80,32
6629,15,80
6630,80,32
6631,80,32
6632,80,32
6633,80,32
6634,80,32
6635,80,86
6636,80,32
6637,80,32
6638,80,81
6639,80,81
6640,80,81
6641,80,81
6642,80,32
6643,32,80
6644,80,81
6645,87,32
6646,80,86
6647,81,80
6648,194,80
6649,194,80
6650,194,80
6651,81,80
6653,81,80
6654,194,80
6655,80,122
6656,80,116
6657,80,144
6658,194,80
6659,194,80
6660,80,135
6661,80,32
6662,81,80
6663,81,80
6664,32,80
6665,32,80
6667,81,80
6668,81,80
6669,81,80
6670,81,80
6671,32,80
6672,87,80
6673,105,80
6674,87,105
6675,81,80
6676,81,80
6677,81,80
6678,87,80
6679,81,80
6680,87,80
6681,32,80
6682,81,80
6683,87,80
6684,116,80
6685,116,80
6686,32,32
6689,32,80
6690,143,80
6691,116,80
6692,116,80
6693,32,80
6694,87,80
6695,116,80
6696,87,80
6697,87,80
6698,219,80
6699,80,196
6700,80,196
6701,80,12
6702,80,110
6703,80,135
6704,80,110
6705,80,135
6706,80,32
6707,80,116
6708,116,80
6709,80,32
6710,80,32
6711,80,87
6712,80,32
6713,87,80
6714,116,80
6715,81,80
6716,116,80
6717,81,80
6718,87,80
6719,180,80
6720,87,80
6721,81,80
6722,87,80
6723,87,80
6724,80,10
6725,80,194
6726,80,90
6727,80,143
6728,80,196
6729,87,80
6730,80,77
6731,80,77
6732,80,185
6733,80,204
6734,80,204
6735,80,87
6736,171,80
6737,80,116
6738,124,80
6739,80,185
6740,105,80
6741,80,116
6743,143,80
6744,112,80
6745,87,80
6746,80,180
6747,80,150
6748,194,80
6749,80,124
6750,194,80
6751,81,80
6752,32,80
6753,180,80
6754,87,80
6755,80,116
6756,80,116
6757,80,116
6758,80,116
6759,80,116
6760,81,80
6761,80,122
6762,81,80
6763,80,32
6764,80,170
6765,80,32
6766,80,122
6767,81,80
6768,80,32
6769,48,80
6770,80,32
6771,80,87
6772,87,80
6773,80,122
6774,80,116
6775,80,116
6776,80,81
6777,80,180
6778,80,87
6779,80,122
6780,134,197
6781,80,105
6782,11,80
6783,80,116
6784,81,80
6785,81,80
6786,80,87
6787,116,80
6788,80,81
6789,87,80
6790,80,81
6791,94,87
6792,81,80
6793,80,87
6794,80,87
6795,81,80
6796,80,87
6797,81,80
6798,80,124
6799,81,80
6800,32,80
6801,80,87
6802,87,80
6803,80,87
6804,80,156
6805,80,32
6806,80,87
6807,80,116
6808,116,80
6809,80,32
6810,80,87
6811,80,116
6813,116,80
6814,80,124
6815,81,80
6816,80,169
6817,143,80
6818,80,32
6819,80,122
6820,80,156
6821,80,32
6822,80,32
6823,80,32
6824,80,81
6825,80,205
6826,143,80
6827,80,124
6828,80,87
6829,80,171
6830,80,124
6831,80,194
6832,80,32
6833,32,80
6834,180,80
6835,80,87
6836,80,194
6837,32,80
6838,80,87
6839,80,194
6840,80,194
6841,80,194
6842,32,80
6843,80,81
6844,80,81
6845,80,194
6846,80,194
6847,32,80
6848,80,194
6849,80,81
6850,81,80
6851,80,87
6852,143,80
6853,80,87
6854,80,87
6855,80,87
6856,132,80
6857,80,87
6858,80,170
6859,32,80
6860,80,116
6861,80,32
6862,80,180
6863,80,87
6865,80,32
6866,80,32
6867,32,80
6868,87,80
6869,80,81
6870,80,81
6871,80,81
6872,80,81
6873,80,81
6874,80,81
6875,80,81
6876,80,81
6877,80,81
6878,80,81
6879,80,81
6880,80,87
6881,194,80
6882,80,32
6883,80,87
6884,80,32
6885,80,32
6886,80,194
6887,194,80
6888,80,124
6889,196,80
6890,80,10
6891,80,116
6892,80,81
6893,32,80
6894,80,87
6895,81,80
6896,80,87
6897,80,87
6898,80,87
6899,180,80
6900,116,80
6901,180,80
6902,81,180
6903,180,80
6904,185,80
6905,185,80
6906,150,80
6907,180,80
6908,80,87
6909,194,80
6910,80,116
6912,80,87
6913,80,87
6914,80,10
6915,80,32
6916,81,80
6917,80,32
6918,80,81
6919,180,80
6920,80,180
6921,81,80
6922,80,32
6923,80,32
6924,80,81
6925,80,81
6926,80,170
6927,81,80
6928,80,170
6929,80,170
6930,32,80
6931,80,170
6932,80,81
6933,80,156
6934,32,80
6935,180,80
6936,80,32
6937,80,32
6938,32,80
6939,80,116
6940,180,80
6941,80,32
6942,80,156
6943,80,116
6944,80,116
6945,80,116
6946,80,10
6947,80,116
6949,180,80
6950,48,80
6951,81,80
6952,81,80
6953,180,80
6954,80,87
6955,81,80
6956,81,80
6957,81,80
6958,81,80
6959,81,80
6960,32,80
6961,80,87
6962,87,80
6963,105,80
6964,80,60
6965,32,80
6966,32,80
6967,32,80
6969,80,32
6970,143,80
6971,32,160
6972,80,87
6974,80,32
6975,87,80
6976,80,10
6977,80,156
6978,80,156
6979,80,32
6980,80,32
6981,116,80
6982,80,80
6983,168,80
6984,32,80
6985,80,80
6986,80,32
6987,16,80
6988,80,105
6989,89,80
6990,80,32
6991,172,80
6992,80,87
6993,44,80
6994,32,80
6995,32,80
6996,32,80
6997,80,32
6998,32,80
6999,32,80
7000,87,80
7001,87,80
7002,87,80
7003,32,80
7004,143,80
7005,81,80
7006,81,80
7007,32,80
7008,87,80
7009,32,80
7010,32,80
7011,32,80
7012,81,80
7013,80,32
7014,80,32
7015,32,80
7016,80,87
7017,81,80
7018,194,80
7019,80,194
7020,80,81
7021,80,194
7022,80,87
7023,80,87
7024,80,87
7025,80,87
7026,80,87
7027,81,80
7028,80,10
7029,80,87
7030,80,87
7031,116,80
7032,80,105
7033,80,170
7034,80,87
7035,80,87
7036,80,87
7037,80,87
7038,80,32
7039,80,81
7040,80,170
7041,80,170
7042,80,63
7043,80,81
7044,80,87
7045,32,80
7046,80,180
7047,80,116
7048,80,32
7049,80,122
7050,80,87
7051,80,87
7052,80,87
7053,80,124
7054,80,10
7055,80,135
7056,80,10
7057,80,116
7058,80,32
7059,80,87
7060,80,105
7061,80,116
7062,80,122
7063,80,87
7064,80,122
7065,80,116
7066,80,169
7067,80,116
7068,80,194
7069,80,10
7070,80,87
7071,80,116
7072,80,194
7073,80,30
7074,87,80
7075,80,10
7076,87,80
7077,87,80
7078,87,80
7079,32,80
7080,87,80
7081,81,80
7082,87,80
7083,16,80
7084,194,80
7085,87,80
7086,220,80
7087,81,80
7088,80,105
7089,150,80
7090,80,105
7091,87,80
7092,87,80
7093,80,87
7094,80,87
7095,87,80
7096,80,194
7097,81,80
7098,143,80
7099,220,80
7100,87,80
7101,80,30
7102,81,80
7103,87,80
7104,116,80
7105,80,194
7106,87,80
7107,87,80
7108,80,10
7109,80,194
7110,87,80
7111,80,87
7112,87,80
7113,87,80
7114,80,87
7115,80,116
7116,80,116
7117,196,80
7118,194,80
7119,87,80
7120,80,144
7121,80,124
7122,81,80
7123,80,87
7124,87,80
7125,80,87
7126,80,124
7127,80,170
7128,32,80
7129,81,80
7130,80,116
7131,81,80
7132,180,80
7133,32,80
7134,143,80
7135,81,80
7136,81,80
7137,81,80
7138,170,80
7139,81,80
7140,81,80
7141,81,80
7142,87,81
7143,81,80
7144,87,80
7145,148,80
7146,32,80
7147,81,87
7148,143,80
7149,81,87
7150,148,80
7151,81,80
7153,87,80
7154,81,80
7155,87,80
7156,80,116
7157,81,80
7158,81,80
7159,116,80
7160,80,205
7161,80,81
7162,32,80
7163,87,80
7164,194,80
7165,194,80
7166,80,32
7167,81,80
7168,194,80
7169,194,80
7170,80,81
7171,80,32
7172,81,80
7173,143,80
7174,80,124
7175,148,80
7176,80,205
7177,87,80
7178,80,205
7179,32,80
7180,80,105
7181,80,194
7182,80,194
7183,80,194
7184,81,80
7185,80,87
7186,80,32
7187,105,80
7188,80,116
7189,81,80
7190,80,87
7191,80,138
7192,143,80
7193,80,116
7194,29,17
7195,80,116
7196,80,32
7197,80,124
7198,80,116
7199,29,17
7200,80,10
7201,80,10
7202,80,180
7203,80,180
7204,80,87
7205,80,87
7206,80,170
7207,80,112
7208,80,32
7209,80,32
7210,80,81
7211,80,81
7212,80,170
7213,80,32
7214,80,32
7215,81,80
7216,80,196
7217,80,81
7218,180,80
7219,150,80
7220,80,170
7221,80,87
7222,80,32
7223,32,80
7224,80,87
7225,80,63
7226,80,112
7227,80,81
7228,80,81
7229,80,32
7230,80,170
7231,81,80
7232,80,32
7233,80,180
7234,80,87
7235,80,180
7236,80,41
7237,80,41
7238,81,80
7239,80,81
7240,80,81
7241,80,81
7242,80,41
7243,80,87
7244,32,80
7245,80,81
7246,80,87
7247,81,80
7248,87,80
7249,80,170
7250,80,87
7251,80,194
7252,9,80
7253,80,87
7254,80,87
7255,81,80
7256,80,116
7257,194,80
7258,80,116
7259,80,32
7260,80,87
7261,80,87
7262,80,81
7263,80,81
7264,80,196
7265,170,80
7266,80,32
7267,80,124
7268,80,143
7269,80,124
7270,80,116
7271,80,116
7272,80,87
7273,80,87
7274,80,185
7275,80,32
7276,80,116
7277,80,124
7278,80,112
7279,80,116
7280,80,87
7281,80,87
7282,80,87
7283,80,87
7284,80,81
7286,80,150
7287,80,87
7288,80,87
7289,80,116
7290,80,32
7291,87,80
7292,80,87
7293,80,87
7294,80,124
7295,80,32
7296,80,32
7297,80,194
7298,80,87
7299,80,124
7300,80,124
7301,80,124
7302,80,10
7303,80,87
7304,80,87
7305,80,124
7306,80,124
7307,80,124
7308,80,194
7309,80,116
7310,80,116
7311,113,80
7312,180,80
7313,80,87
7314,87,80
7315,80,105
7316,80,32
7317,80,122
7318,80,9
7319,80,32
7320,80,87
7321,80,116
7322,80,87
7323,80,87
7324,80,116
7325,80,226
7326,80,194
7327,80,87
7328,80,21
7329,87,80
7330,80,10
7331,80,116
7332,80,116
7333,16,80
7334,80,81
7335,80,116
7336,80,81
7337,80,32
7338,80,116
7339,80,124
7340,80,116
7341,80,116
7342,80,87
7343,80,124
7344,80,116
7345,80,124
7346,80,116
7347,80,87
7348,80,150
7349,80,87
7350,80,32
7351,80,116
7352,80,32
7353,80,124
7354,80,81
7355,80,116
7356,80,81
7357,80,116
7358,80,87
7359,80,116
7360,80,116
7361,80,116
7362,80,194
7363,80,216
7364,80,226
7365,80,139
7366,80,81
7367,80,10
7368,80,81
7369,80,32
7370,80,116
7371,80,194
7372,80,81
7373,80,87
7374,80,143
7375,80,87
7376,80,81
7377,80,185
7378,80,226
7379,80,81
7380,80,81
7381,80,32
7382,80,116
7383,80,112
7384,80,124
7385,80,10
7386,80,116
7387,80,10
7388,80,116
7389,80,87
7390,80,113
7391,80,186
7392,81,80
7393,80,81
7394,80,116
7395,194,80
7396,80,170
7397,80,81
7398,80,116
7399,21,80
7400,87,80
7401,80,112
7402,220,80
7403,80,87
7404,80,87
7405,80,226
7406,87,219
7407,80,81
7408,87,80
7409,219,80
7410,80,130
7411,87,80
7412,80,116
7413,80,116
7414,80,180
7415,80,226
7416,80,116
7417,80,170
7418,80,186
7419,80,32
7420,80,32
7421,80,87
7422,194,80
7423,80,32
7424,80,105
7425,87,80
7426,80,87
7427,80,32
7428,80,81
7429,80,81
7430,80,81
7431,80,81
7432,80,87
7433,80,81
7434,80,122
7435,80,116
7436,80,116
7437,80,32
7438,80,116
7439,80,81
7440,80,81
7441,80,81
7442,80,32
7443,80,87
7444,80,143
7445,87,80
7446,81,80
7447,80,87
7448,87,80
7449,80,180
7450,80,87
7451,87,80
7452,220,80
7453,80,124
7454,87,80
7455,80,81
7456,87,80
7457,87,80
7458,87,80
7460,87,80
7461,81,80
7462,81,80
7463,80,10
7464,81,80
7465,81,80
7466,81,80
7467,81,80
7468,80,205
7469,80,12
7470,87,80
7471,80,205
7472,80,124
7473,87,80
7474,80,124
7475,87,80
7476,87,80
7477,80,205
7479,80,124
7480,80,87
7481,80,87
7482,80,87
7483,80,87
7484,81,80
7485,80,87
7486,80,87
7487,81,80
7488,81,80
7489,150,81
7490,87,81
7491,81,80
7493,80,32
7494,81,80
7495,87,80
7496,81,80
7497,81,80
7498,81,80
7499,32,156
7500,220,80
7502,38,80
7505,81,80
7506,81,80
7508,80,87
7509,80,87
7510,32,80
7511,116,80
7512,54,80
7513,80,32
7514,180,80
7515,80,133
7516,32,80
7517,80,15
7518,87,80
7519,87,80
7520,80,87
7521,116,80
7522,80,10
7523,80,10
7524,87,80
7525,116,80
7526,87,80
7527,81,80
7528,32,80
7529,87,80
7530,80,116
7531,80,194
7532,80,10
7533,80,116
7534,80,124
7535,80,87
7536,80,87
7537,80,116
7538,80,32
7539,81,80
7540,32,80
7541,80,32
7542,113,80
7543,87,80
7544,32,80
7545,80,87
7547,80,216
7548,80,87
7549,80,87
7550,80,124
7551,80,116
7552,80,87
7553,80,87
7554,80,81
7555,80,81
7556,80,87
7557,80,81
7558,80,32
7559,80,194
7560,80,32
7561,80,32
7562,80,32
7563,80,87
7564,80,170
7565,80,124
7566,80,87
7567,87,80
7568,194,80
7571,87,80
7572,87,80
7574,196,80
7577,116,80
7578,32,80
7579,122,80
7580,32,80
7581,32,80
7584,210,81
7586,87,80
7587,81,210
7588,16,80
7589,87,80
7590,32,80
7591,124,80
7592,116,80
7593,170,80
7594,144,80
7595,196,80
7596,135,80
7597,90,80
7598,153,153
7599,116,81
7600,22,80
7601,87,80
7602,81,116
7603,81,80
7604,81,80
7605,32,80
7607,81,80
7608,32,80
7609,143,80
7610,32,92
7611,87,80
7612,32,80
7613,194,80
7614,32,80
7615,32,80
7616,143,80
7617,81,80
7618,16,80
7619,194,80
7620,81,80
7621,32,80
7622,81,80
7623,81,80
7624,81,80
7625,81,80
7626,81,80
7627,32,80
7628,32,80
7629,113,80
7630,81,80
7631,87,80
7632,87,80
7633,194,80
7634,194,80
7635,80,124
7636,80,194
7637,80,10
7638,80,32
7639,80,32
7640,80,116
7641,80,87
7642,80,180
7643,80,170
7644,80,170
7645,80,87
7646,80,15
7647,80,87
7648,80,113
7649,80,32
7650,80,180
7651,80,116
7652,32,80
7653,122,80
7654,80,87
7655,80,116
7656,81,80
7657,80,105
7658,80,170
7659,80,81
7660,87,80
7661,81,80
7662,81,80
7663,32,80
7664,81,80
7665,185,80
7666,87,80
7667,81,80
7668,81,80
7669,81,80
7670,81,80
7671,87,80
7672,87,80
7673,87,80
7674,72,80
7675,80,10
7676,16,80
7677,80,32
7678,80,81
7679,80,32
7680,80,32
7681,80,116
7682,80,81
7683,80,81
7684,80,116
7685,80,116
7686,80,87
7687,80,170
7688,80,124
7689,80,124
7690,80,87
7691,80,81
7692,80,87
7693,80,87
7694,80,116
7695,80,170
7696,80,16
7697,80,22
7698,80,116
7699,80,116
7700,80,81
7701,80,32
7702,80,87
7703,80,87
7704,80,116
7705,80,87
7706,80,22
7707,80,81
7708,80,81
7709,80,87
7710,80,194
7711,80,32
7712,80,87
7713,80,87
7714,80,87
7715,80,87
7716,80,32
7717,80,32
7718,80,10
7719,80,87
7720,80,81
7721,80,81
7722,80,87
7723,80,116
7724,80,87
7725,80,150
7726,80,32
7727,80,180
7728,80,32
7729,80,87
7730,80,87
7731,80,87
7732,80,87
7733,80,124
7734,80,150
7735,80,22
7736,80,87
7737,80,81
7738,80,32
7739,80,12
7740,80,191
7741,80,32
7742,80,81
7743,80,87
7744,80,87
7745,80,124
7746,80,81
7747,80,81
7748,80,87
7749,80,124
7750,80,124
7751,81,80
7752,81,80
7753,80,116
7754,81,80
7755,81,80
7756,194,80
7757,80,116
7758,81,80
7759,80,30
7760,80,196
7761,80,116
7762,80,116
7763,87,80
7764,81,80
7765,180,80
7766,80,116
7767,87,80
7768,194,80
7769,81,80
7770,81,80
7771,81,80
7772,81,80
7773,87,80
7774,81,80
7775,80,194
7776,32,80
7777,80,180
7778,81,80
7779,32,80
7780,81,81
7781,32,80
7782,80,87
7783,32,80
7784,81,80
7785,87,80
7786,32,80
7787,80,87
7788,194,80
7789,80,180
7790,80,87
7791,32,80
7792,80,32
7793,80,87
7794,194,80
7796,80,170
7797,80,87
7798,80,87
7799,80,150
7800,80,81
7801,80,116
7802,80,116
7803,80,185
7804,80,116
7805,116,80
7806,81,80
7807,81,80
7808,80,116
7809,80,124
7810,80,150
7811,80,150
7812,80,150
7813,80,32
7814,80,170
7815,80,124
7816,80,124
7817,80,185
7818,80,194
7819,80,116
7820,80,124
7821,80,124
7822,80,32
7823,80,150
7824,80,116
7825,80,81
7826,80,87
7827,80,116
7828,80,150
7829,194,80
7830,94,80
7831,87,80
7832,194,80
7833,81,80
7834,87,80
7835,116,80
7836,87,80
7837,143,80
7838,143,80
7839,116,80
7840,143,80
7841,144,80
7842,194,80
7843,63,80
7844,87,80
7845,87,80
7846,143,80
7847,143,80
7848,81,80
7849,180,80
7851,32,80
7852,170,80
7853,170,80
7854,143,80
7855,87,80
7856,32,80
7857,32,80
7858,180,80
7859,171,80
7860,180,80
7861,105,80
7862,32,80
7863,168,80
7864,87,80
7865,87,80
7866,81,87
7867,87,81
7868,32,80
7869,81,80
7870,32,80
7871,32,80
7872,32,80
7873,116,80
7874,143,80
7876,105,80
7877,116,80
7878,81,80
7879,105,80
7880,32,80
7881,81,80
7882,180,80
7883,32,80
7884,32,80
7885,32,80
7886,81,80
7887,81,80
7888,81,80
7889,32,80
7890,32,80
7891,180,80
7892,180,80
7893,87,80
7894,103,80
7895,80,45
7896,81,80
7897,81,80
7898,143,80
7899,170,80
7900,32,80
7901,87,80
7903,87,80
7905,81,80
7906,32,80
7907,143,80
7908,32,80
7909,81,80
7910,32,80
7911,180,80
7912,32,80
7913,81,80
7914,103,80
7915,194,80
7916,87,80
7917,148,80
7918,32,80
7919,143,80
7920,81,80
7921,32,80
7922,48,80
7923,103,80
7925,180,80
7926,32,80
7927,32,80
7928,87,80
7929,32,80
7930,32,80
7931,32,80
7932,87,80
7933,194,80
7934,81,80
7935,81,80
7936,32,80
7937,32,80
7938,204,80
7939,87,80
7940,180,80
7941,180,80
7942,116,80
7943,143,80
7944,87,80
