data1,data2,label
-0.51204085,-0.3193608,1
1.0636082,0.26716834,1
0.028771553,0.9372644,1
-0.13507721,-0.31418884,1
1.0256736,0.1637705,1
-0.42342106,0.19065711,1
-0.1821754,0.89908785,1
-0.22669919,-0.07015793,1
1.0520446,-0.10815419,1
-0.7630093,-0.008121167,1
0.13189928,-0.5414483,1
-0.5221468,0.9707267,1
0.115883574,0.015647251,1
0.07490737,0.74109733,1
-0.23927547,0.4694342,1
-0.5451162,-1.0998833,1
0.13559203,1.0313606,1
0.2039954,0.19238506,1
-0.51776266,-0.103505544,1
-0.4046742,0.51104575,1
0.42733696,-1.4251705,1
0.9305527,0.24356344,1
0.37372676,-0.6536201,1
0.19573952,0.18023069,1
-1.0748473,-0.09598343,1
-0.32037485,-0.15956607,1
0.4896437,0.7943362,1
0.035153642,-0.28618512,1
0.43218982,-0.44086164,1
-1.4192879,0.30845022,1
0.41150334,-0.09544906,1
-0.030246818,-0.17491607,1
0.52752143,0.49576864,1
0.61634123,-0.021125028,1
0.60173184,0.044298876,1
-0.2918713,0.93006843,1
-0.03981094,-0.8621942,1
-0.30195135,0.92911696,1
-0.40204704,0.8861533,1
-0.5690426,-0.68066585,1
1.3512567,0.45051086,1
0.9117237,0.2180698,1
0.16006713,0.3966855,1
0.67709386,0.14113553,1
-1.1528664,-0.3681101,1
0.3219954,-0.37064072,1
0.527856,-0.056006093,1
-0.49385053,0.24450243,1
-0.47998992,-0.39158952,1
0.23921967,-0.33531487,1
-0.3368357,1.2055008,1
-0.013508615,0.6590732,1
0.49838144,-0.31705028,1
-0.3002273,0.8092691,1
0.3644228,1.2165896,1
-0.25992337,-0.60501003,1
-0.1140919,0.5087149,1
0.1580872,0.25257397,1
-3.138947e-05,-0.2816475,1
-0.5410786,0.940067,1
-0.17152324,-0.3331265,1
-0.11014329,0.45434022,1
-1.121224,-0.1326228,1
-0.6193891,0.8900962,1
0.0023294648,0.2585125,1
0.39772424,-0.34189826,1
0.32526532,-0.11277738,1
0.17225881,-0.055047423,1
0.41884297,0.575258,1
-0.52790403,0.14116995,1
-0.8055112,0.32723716,1
0.27950096,0.47885174,1
-0.5148193,0.1210751,1
0.5947854,-0.36859897,1
0.07578325,0.37807983,1
-1.021621,0.07125255,1
-0.086741805,-0.28713998,1
-0.026773823,0.21110347,1
-0.2476942,-0.3378093,1
-0.27279618,-0.6553207,1
-0.20960413,-0.044018395,1
0.66122544,0.42721063,1
0.40891206,-0.09679036,1
-0.05223525,-0.29994133,1
0.24438502,-0.09725544,1
-0.30243105,0.57492566,1
-0.42672154,0.5043358,1
-0.2514442,-0.47943947,1
0.012801347,-0.17699403,1
-0.37045875,0.08369967,1
-0.25593644,0.8024807,1
-0.3292959,0.33198452,1
-0.27103874,0.84378844,1
-0.16533849,-0.6429006,1
0.010872324,0.19280942,1
0.22126737,0.17423403,1
-0.11765703,0.061193444,1
-0.21483241,0.39501408,1
-0.75057775,0.6617476,1
-0.7052313,0.2875123,1
0.015781505,0.38853553,1
0.080108956,0.64735746,1
0.33188823,0.2584272,1
0.6463378,0.60462075,1
0.30781576,-0.12203507,1
-0.029667454,0.12588711,1
0.38269502,-0.44504115,1
-0.064024806,0.408893,1
-0.32111257,-0.35244608,1
-0.02649889,-0.0025817987,1
-0.012011344,-0.3778755,1
0.17466006,0.64822125,1
0.011535423,-0.4907653,1
0.0009602136,0.6476483,1
-1.0903299,0.032018874,1
-0.22108789,-0.57331586,1
-0.41267365,-0.0007486238,1
-0.1220951,0.11124004,1
-0.578757,0.066937216,1
0.22433814,0.1687501,1
-0.008350206,0.26786095,1
-0.64665043,0.060437534,1
0.38805354,0.93073267,1
0.20785719,-0.5128462,1
0.015858177,0.32004634,1
0.3710158,0.23598051,1
0.59012026,-0.2793511,1
0.032692432,-0.3449341,1
0.53489465,-0.29075548,1
0.11145488,0.49201787,1
0.0776231,0.2972119,1
-0.017920129,-0.19083144,1
0.37144843,0.5126267,1
0.0958618,0.42871782,1
0.49367794,0.07594794,1
0.0007963943,0.38478214,1
0.20169291,-0.65364015,1
-0.257808,-0.05853803,1
-0.46030295,0.25472575,1
-0.15720725,-0.24107604,1
-0.18272285,-0.49893534,1
-0.87334144,-0.46165773,1
-0.18364577,-0.8243418,1
-0.4303996,-0.81059235,1
-1.1105986,-0.32454494,1
0.5515066,0.7210235,1
0.63963246,-0.082486056,1
0.5882197,0.7756746,1
-0.19488873,0.075554356,1
-1.0532645,-0.833979,1
-0.27678174,-0.75729287,1
-0.10464529,0.12500314,1
-0.17516124,0.4212794,1
0.4480009,0.47458038,1
-0.013315291,-0.11583952,1
0.0135992365,0.34852096,1
0.29171437,0.0975201,1
-0.17401108,0.28918925,1
0.541166,-0.7848797,1
0.46644014,-0.6486386,1
0.3833613,0.16326378,1
0.3755852,-0.20945548,1
0.6129002,0.068952985,1
-0.5036141,-0.29217684,1
0.5662343,-0.3288299,1
-0.41813225,0.13241069,1
-0.20194913,-0.22886264,1
-0.18832445,-0.5671164,1
0.20164795,0.15548319,1
0.07146986,-0.19826384,1
1.187959,-0.40092522,1
-0.13371883,-0.6454921,1
-0.52685297,-0.4716417,1
1.3205074,0.4300616,1
-0.15000355,0.37510228,1
0.6961446,0.07475027,1
-0.06416431,-0.46944645,1
-0.03734988,-0.32095566,1
-0.034438647,0.41525993,1
-0.28928232,0.082447015,1
-0.040069427,0.63611585,1
0.338499,-1.1695374,1
-0.093083106,-0.36214954,1
-0.29490387,-0.1262633,1
-0.018177735,-1.0231264,1
-0.44093278,0.17106263,1
1.1163596,-0.18137868,1
0.8969302,-0.74081874,1
0.009460434,0.03788052,1
-0.24752612,-0.8208393,1
-0.10232324,-0.7546172,1
-0.06080937,0.43492204,1
0.035304,-0.06852227,1
-0.3346024,-0.5651342,1
0.188794,0.294833,1
-0.5650922,-0.120277725,1
0.55310726,-1.0693853,1
-0.159722,0.81725687,1
0.36629146,-0.36717084,1
-0.16202845,-0.19982967,1
0.8440263,-0.9912552,1
-0.010949398,-0.27959612,1
0.053086426,0.4291053,1
0.19891033,-0.46100125,1
0.2680836,0.922442,1
-0.49047023,-0.735235,1
-0.65713924,1.6344992,1
-0.55829275,0.3897753,1
0.4749307,-0.15669362,1
0.0366741,0.2888613,1
-0.53090286,-0.9652368,1
0.3167444,-1.4025031,1
-0.3406401,-0.42387354,1
0.56554925,0.56461203,1
-0.24904306,0.43567586,1
-0.32240775,-0.2501936,1
0.3254435,0.10991934,1
-0.9434531,-0.32357422,1
0.6385115,-0.06867828,1
-0.26508564,-0.077535205,1
0.62971073,-0.50269896,1
0.82805413,-0.082921274,1
-0.66634285,0.30615416,1
0.45273906,0.23660047,1
0.25193956,0.55187744,1
-0.52301294,0.59116405,1
0.8359624,0.23645,1
0.8191561,-1.079066,1
-0.30145973,0.09426663,1
0.0855841,0.631156,1
-0.662052,-0.6809116,1
0.25066334,0.43937942,1
-0.7196944,0.5258258,1
0.18665063,0.04394698,1
0.07361409,-1.2633138,1
0.21906328,-0.85022765,1
0.6024088,0.3938992,1
-0.8717247,0.06951548,1
0.34022424,-0.91053116,1
-0.6705933,0.38075384,1
0.13408676,0.19603318,1
-0.30093315,0.060998756,1
-0.35199574,0.0065114275,1
0.10837591,-0.42297244,1
0.43866417,0.8940872,1
-0.41006806,0.056081705,1
0.2985041,0.21854421,1
-0.26229894,-1.2068429,1
0.07947962,0.10518393,1
0.31473553,-0.24154854,1
0.15290363,0.04411427,1
-0.02797239,-0.50115067,1
0.4654012,-0.12949821,1
-0.17840533,-0.14774536,1
0.5987764,0.10860203,1
0.29643708,0.2550025,1
-0.017167661,-0.15784857,1
0.037432563,0.17908804,1
0.14075127,0.14990263,1
-0.13920227,-0.5696837,1
0.8800428,-0.11379385,1
-0.20328455,0.5938706,1
0.23495264,0.67003727,1
-0.58425075,0.039815206,1
-0.371374,0.47427943,1
-0.48786828,-0.49749693,1
-0.07790685,0.5145609,1
0.13784139,-0.7515924,1
-0.71775335,0.5797945,1
0.20977318,0.10306663,1
-0.8382464,0.028832544,1
-0.06108543,-0.24829745,1
-0.13725546,-0.4799431,1
0.44336265,-0.20577127,1
-0.26405683,-0.11193123,1
0.054866932,0.23071043,1
-0.22251827,-0.42212874,1
-0.24172449,-0.31162584,1
0.2103332,0.65395296,1
-0.25235027,0.06027442,1
0.5922531,-0.20729476,1
0.7981655,0.07279259,1
0.67766577,0.39264622,1
0.074893385,1.0026816,1
0.3150945,0.36280292,1
0.031920146,0.28394762,1
-0.6068066,-0.88465464,1
0.75303787,-0.5638739,1
0.5923083,0.04266398,1
0.56681633,0.5015913,1
-0.797275,0.14813465,1
-0.038392603,0.47818783,1
0.7380042,0.47698188,1
0.19279398,-0.4949627,1
0.29300192,-0.023765514,1
0.6309096,-0.7162262,1
0.82918435,-0.021558577,1
0.18914634,-0.47254828,1
1.6888342,1.047468,1
-0.8053272,1.297982,1
-0.10882885,0.55425805,1
0.42290205,-0.6974196,1
0.29268157,-0.22913295,1
-0.3399204,1.0005512,1
0.007987186,-0.05821096,1
0.4242085,-0.64055645,1
-0.0793975,-0.3156209,1
0.6527099,-0.10774829,1
0.2417486,-0.008800679,1
0.49373266,-0.41426486,1
0.024080073,-0.1828685,1
-0.09178364,-0.40650427,1
-0.42735264,0.92835456,1
1.0144964,0.32371205,1
0.25971377,0.010583723,1
0.7179838,-0.1960274,1
0.077065006,0.11028899,1
0.50255466,0.33173805,1
0.9254508,-0.7616649,1
0.059739944,-0.36748758,1
-0.16815686,-0.9946352,1
0.00058154966,0.10089126,1
-0.011630913,-0.14972785,1
0.7699536,0.52533144,1
1.1462965,0.4626392,1
-0.24489176,0.29032022,1
0.40904865,0.14354311,1
0.98637193,-0.19898173,1
-0.0039012993,-0.8697178,1
-0.060371883,-0.061701268,1
0.6820039,-0.4063053,1
-0.8612671,0.014806621,1
-0.43735206,-0.48336864,1
0.6650245,0.49387017,1
-0.2993748,0.6917969,1
0.047060978,0.04861077,1
-0.9143107,0.5650403,1
0.60323673,0.25871116,1
0.39227492,0.3998897,1
0.6619385,0.12372079,1
-0.34980327,-0.012590303,1
-0.55896586,0.871967,1
-0.30938122,0.4513558,1
0.93418384,-0.45304158,1
0.50138587,0.047211714,1
0.8435825,0.255823,1
0.3196616,0.43874878,1
0.07994732,0.6221862,1
-0.15762873,-0.3014976,1
-0.49677572,-0.41858277,1
0.22818917,0.07975742,1
0.41372117,-0.31746808,1
-0.30935544,0.16840939,1
-0.50335765,-0.56687254,1
0.4391889,-0.5615817,1
-0.1968241,0.6246791,1
-0.43317744,-0.83260643,1
-0.53082395,0.35253987,1
0.8348014,0.042223148,1
0.4811738,0.35742784,1
-0.27441907,-0.0938632,1
-1.5750606,1.290473,1
-0.39293796,0.19355278,1
-0.41252655,-0.02524119,1
-0.14087483,0.18109304,1
-0.09799303,0.14769244,1
-0.03226965,-0.02735921,1
-0.21516041,0.14986354,1
0.38841593,-0.13926914,1
-0.77645713,0.66324043,1
0.89526856,0.26574603,1
0.42051306,0.53481835,1
0.48696125,-0.24622013,1
0.15238859,-0.09424739,1
0.01664997,0.07165642,1
-0.6105771,-0.34310246,1
-0.03734426,-0.18608926,1
-0.13399695,-0.6811556,1
-0.22044711,0.15187265,1
-0.09541657,-0.46736416,1
0.20777324,0.31427515,1
0.50060666,0.23709776,1
-0.09692291,0.49732682,1
0.11763426,0.17985818,1
0.36171335,-0.1817637,1
-0.20879643,-0.21620078,1
-0.49934208,-0.056593608,1
0.5568015,0.018959451,1
0.19558205,-0.31872746,1
0.673176,0.06603612,1
0.020457985,0.2709523,1
-1.0779096,-0.00803848,1
0.4453819,0.880848,1
-0.22167107,-0.35608283,1
-0.57712054,-0.032763895,1
0.0845571,0.24424714,1
0.097595654,-0.3858765,1
-0.23097017,0.67332596,1
0.22495128,-0.19265893,1
0.384594,0.95615447,1
0.5373321,-0.5847393,1
-0.28812492,0.0663068,1
0.750224,0.027866688,1
-0.062260386,0.5494997,1
1.1264817,0.56081235,1
0.05215925,0.6775358,1
0.096894465,-0.2684065,1
-0.2458445,0.53660715,1
0.51303864,0.06425372,1
-0.39734775,-0.23415446,1
-0.16876626,0.09452333,1
-0.030036185,0.36358842,1
-0.9348708,-0.72275394,1
-0.46499735,0.51315355,1
-0.30518174,0.45545313,1
-0.31451285,-0.2627342,1
0.17824784,1.0002558,1
0.5718947,0.5972307,1
0.12433772,0.0627176,1
-0.5427414,0.08231918,1
-0.7526303,0.40830994,1
0.41736722,-0.38751364,1
0.6871362,0.2674173,1
0.17498809,-0.22959593,1
-0.1664444,0.23481873,1
0.18476567,0.24438746,1
-0.796415,-0.012412565,1
-0.16765568,0.27246484,1
0.43056655,0.55359256,1
-0.3871048,0.17583916,1
-0.109492585,0.27573988,1
0.2620027,0.0007781017,1
-0.096676044,0.13568042,1
0.5137201,0.20436789,1
-0.15435359,-0.053316493,1
-0.08494342,-0.9762258,1
0.589689,0.14282691,1
-0.18086037,0.11070033,1
-0.69622225,0.4650421,1
0.660961,-0.36234716,1
-0.05014753,-0.20597267,1
-0.5391682,0.22049256,1
0.47141123,0.2219455,1
0.13994761,-0.45180812,1
-0.55287987,-0.32210508,1
0.30932453,0.10510672,1
-0.08355082,0.6770734,1
1.0464212,0.6091078,1
0.044899322,-0.47977492,1
0.5137504,-0.50756294,1
-0.29434258,-0.14753325,1
-0.4792316,-0.4274898,1
-1.1858864,-0.27938804,1
0.045716174,0.45284852,1
0.2213993,-0.047389198,1
0.38152158,0.18755148,1
-0.41004395,-0.13154924,1
0.6897658,-0.019013844,1
-0.5003958,-0.10333415,1
0.0324527,-0.5492951,1
0.5789433,-0.30418146,1
-0.81990606,-0.7408806,1
0.04939962,-0.5827416,1
0.8362455,0.7596888,1
0.12069469,-0.20871381,1
0.48128417,0.32654893,1
-0.32326102,-0.5411149,1
-0.18065241,0.124604486,1
-0.73364604,0.8243105,1
0.22698899,-0.42111948,1
0.26731154,-0.3689366,1
0.5484568,-0.42253754,1
-0.4831224,-0.2208304,1
-0.13675947,-0.21852285,1
0.669426,0.44192052,1
-0.41929033,-0.50372994,1
0.15573497,-0.24238408,1
0.57024103,-0.5188537,1
-0.23879023,0.27379864,1
-0.6410076,-0.391043,1
-0.121800445,0.5509853,1
-1.3241034,0.5092221,1
0.044247765,-0.5652135,1
-0.47361466,1.1607769,1
-0.2638315,0.8101955,1
0.07146526,-0.60893714,1
0.22291248,0.7740481,1
-0.39716688,-0.2726403,1
-0.9809164,0.6290673,1
-0.28783184,-0.11525008,1
-0.91185933,1.1699336,1
-0.36903095,-0.5101619,1
0.25605246,1.6922634,1
-0.12715024,0.1618601,1
0.51379746,-0.12398312,1
0.263982,0.5103098,1
1.187208,-0.30685377,1
0.16406819,0.3008921,1
-0.096616685,0.62441075,1
0.32020935,0.38944224,1
0.07688841,-0.42758745,1
0.7168988,0.81062025,1
0.1623374,-0.37433317,1
0.68711644,-0.31036597,1
-1.1026355,0.034006905,1
0.18715595,1.0423471,1
0.11531399,-0.62317216,1
0.59083194,0.16177824,1
-0.08677846,0.16401,1
-0.39809072,0.16330197,1
0.3140356,-0.48474833,1
0.933498,-0.22848547,1
-0.22370084,-0.14174184,1
0.649116,0.017529916,1
0.16494125,0.5457325,1
-0.7188624,0.098527074,1
-0.2472852,-0.08311143,1
0.26283467,0.9729004,1
-0.62575,0.15681115,1
1.0604099,-0.35527936,1
-0.1602566,0.20144066,1
0.17852858,0.04880352,1
-1.3261821,0.03513491,1
-0.25175768,-0.1916995,1
0.37510276,-0.47715366,1
-1.1039313,-0.019428529,1
-0.53498673,0.5297468,1
0.6084972,0.94920194,1
-0.04950491,0.12553212,1
-0.55382836,-0.53477263,1
0.43145007,0.15571839,1
0.30202505,0.17823994,1
0.07824621,-0.00940292,1
0.36000443,-0.2773175,1
-0.27238306,0.65500045,1
0.5499808,0.31145126,1
0.39907053,-0.14980689,1
-0.9772468,-0.42285234,1
0.29086193,-0.63352996,1
0.19134612,0.5624293,1
-0.003942097,-0.6577468,1
0.53064716,0.029452648,1
0.9689548,0.14959182,1
1.1186658,-0.31800836,1
0.28296354,0.58209443,1
-0.4374101,0.26480833,1
-0.6346235,-0.02038609,1
-0.6251481,-0.032847397,1
-0.07574241,0.40753868,1
0.74271196,-0.2240002,1
-1.0110488,0.14699982,1
0.40460962,0.3801056,1
-0.14325783,0.07289716,1
0.6574299,-0.07629202,1
0.58558756,0.060741514,1
0.5059404,-0.47739246,1
0.26611376,-0.27058595,1
0.41466928,1.7745292,1
-0.25339136,-0.6415437,1
0.31087664,0.06238626,1
-0.9023572,-0.4141454,1
-0.05111044,0.6666102,1
-0.24179962,-0.6699816,1
-0.3906263,-0.016630184,1
-0.77570957,-0.5038095,1
0.34229505,-0.40469167,1
0.5279585,0.1327717,1
0.099831276,-0.6090398,1
0.48605448,0.2870237,1
0.730046,-0.138479,1
-0.29916307,-0.07883368,1
-0.62384874,0.066186965,1
0.027366143,-0.6314045,1
-0.627393,0.15708742,1
-0.23932986,-0.82875,1
0.38012075,-0.75677514,1
0.9272589,-0.23270541,1
0.8766352,0.59028274,1
0.42112678,-0.6971796,1
0.0423732,0.032584146,1
0.5664709,0.43417537,1
0.96918935,-0.69876087,1
-0.5460354,-0.42305154,1
-0.7449529,-0.7278232,1
0.27855867,0.005193164,1
0.69367975,0.6922826,1
-0.12506413,0.05095999,1
0.40033233,0.009695336,1
-0.7098034,-0.04835027,1
0.36662608,0.017121445,1
-0.20615533,0.13566655,1
0.2672017,0.81016517,1
-0.48866355,0.27824047,1
-0.04986712,1.1418254,1
0.12828009,-0.008244591,1
-0.11991977,0.33459866,1
0.62242115,-0.27519673,1
0.08097961,-0.23444659,1
0.333291,0.22910567,1
0.19244146,-1.0307854,1
0.06431239,-0.22058816,1
-0.17963794,-0.74567556,1
0.1552461,0.6986311,1
-0.29362807,-0.26681623,1
-0.27069405,0.12280364,1
-0.21630906,0.522559,1
0.380507,0.28877854,1
-1.2307317,-1.2892151,1
0.41772395,-0.04678804,1
-0.29220152,-0.5844234,1
-0.083813995,0.07022833,1
-0.30440882,0.11295912,1
-0.17171092,-0.23806892,1
-0.40601194,-0.20539466,1
-0.85815966,-0.13704973,1
1.2991613,-0.6410046,1
0.4534632,0.5656713,1
0.48307213,0.13601598,1
0.047517225,-0.05284952,1
0.41876966,-1.256916,1
0.27983883,0.79372805,1
-0.049900617,0.22808799,1
-0.26819748,-0.15688767,1
-1.2061527,-0.23687044,1
-0.12036153,-0.47460604,1
0.32963997,-0.20289534,1
0.07403502,-0.4457738,1
0.7226491,-0.8741601,1
-0.43024614,-0.10666658,1
0.07108485,-0.48818344,1
0.37690875,-0.40478688,1
0.06561807,0.27646574,1
-0.8181541,-0.09162331,1
-0.14894664,-0.62138677,1
-0.7289089,-0.6510345,1
-0.04687283,0.6159945,1
-0.10965914,0.2310723,1
-0.9576965,0.41776818,1
0.35579616,0.6221567,1
-0.45416898,0.07996574,1
0.39526555,0.1560409,1
0.23038712,-0.25361973,1
0.022217385,-0.14659284,1
0.8444585,-0.021005252,1
-0.613749,1.1898886,1
-0.18788916,0.6887071,1
-0.05421025,-0.011108808,1
-0.07938893,-0.17329511,1
-0.16446255,-0.28949252,1
0.56031436,-0.27548575,1
0.03565183,0.9290994,1
0.54094154,-0.11796674,1
-0.054206666,0.029840117,1
-0.6853763,0.1905344,1
-0.24863666,0.40057826,1
-0.0033378885,-0.38936758,1
0.10568664,-0.4848694,1
0.06826929,-0.59070206,1
-0.12355105,0.34723613,1
0.7621107,-0.3348908,1
-0.2002132,-0.7379348,1
-0.36770293,0.00086864334,1
1.3247646,1.601831,1
0.20927459,0.04316666,1
-0.7479032,0.3831448,1
0.34080136,-0.46598154,1
-0.724817,0.26135764,1
1.0195372,-0.044705693,1
-0.5979596,-0.14712721,1
-0.22244224,0.22322945,1
0.04351523,-0.016237134,1
0.9217665,0.13583432,1
-0.48150837,0.20540783,1
0.6075278,0.13754739,1
-0.026845315,0.19100977,1
0.7721497,-0.77946186,1
0.65618366,-0.105555415,1
0.30675167,-0.059035867,1
0.15200193,-0.8429744,1
-1.2340864,0.4422002,1
0.82210517,0.23257953,1
0.2481031,-0.0968377,1
-0.19320592,0.3785546,1
-0.20848405,0.6613106,1
-0.4185827,0.45337301,1
0.35782316,0.36838585,1
-0.34371036,-0.18128218,1
0.3514464,-0.07949879,1
0.7646827,-0.4766497,1
0.082765736,-0.47490445,1
0.25435582,-0.2083666,1
-0.62528706,-0.7572729,1
0.6383952,-0.13025941,1
0.5635633,0.05576957,1
-0.5865686,-0.079258874,1
0.0931497,0.80830324,1
-0.163065,-0.18547429,1
0.18767616,-0.059959,1
-0.05290886,-0.103707835,1
1.1180365,-0.121291235,1
-0.32115334,-0.173164,1
-0.2769227,0.11287366,1
-0.37521636,0.4253397,1
0.70225,-0.1311672,1
0.6260139,0.16016969,1
0.054158106,-0.40267557,1
1.0365176,0.4802268,1
1.1057768,0.23490669,1
0.613026,-0.72100425,1
0.31426615,-0.24335797,1
0.1623612,0.19937444,1
-0.46006268,0.38880226,1
0.11655667,-0.4776766,1
0.5284696,0.35225695,1
0.0057367124,-0.66643983,1
-0.016499948,-0.6019896,1
-0.55857354,0.19967917,1
0.04263175,0.33078036,1
0.17870681,0.006471671,1
-0.21116267,-0.9462429,1
0.13493654,0.5053125,1
0.30789322,-0.70561415,1
-0.90264004,-0.3781544,1
-0.110777445,0.3967387,1
-0.55673486,1.7803801,1
-0.17787392,-0.44204605,1
0.42977706,0.76652783,1
-0.17297791,-0.16037829,1
0.34332657,-0.88912445,1
-0.024183782,-0.24191435,1
-0.72231007,0.5487289,1
-0.27805266,-0.113465376,1
0.25915593,0.4073192,1
-0.2754124,-0.33593744,1
-0.01963108,0.09616632,1
0.52048415,-0.22678621,1
0.7879918,0.11864516,1
-0.004122706,-0.28498077,1
-0.1333127,-0.44547176,1
0.35195905,0.5045675,1
0.06330559,-0.088195965,1
0.6849683,-0.5051611,1
-0.24389294,0.62881976,1
-1.2576696,-0.48460558,1
0.3860404,-0.9200422,1
-0.77017653,0.7373918,1
0.6652004,-0.20645541,1
0.17022488,0.34534308,1
0.9381627,-0.015174457,1
1.2248327,-0.44148463,1
-1.2084225,0.59213537,1
-0.14167061,0.3521557,1
0.23929901,-0.6570437,1
0.54842746,0.8175549,1
-0.04947856,-0.37874782,1
-0.22210895,-1.2075994,1
-0.29401326,-0.5870361,1
-0.47064254,0.49250472,1
0.28196606,0.47312245,1
0.45207855,-0.81720185,1
-0.12616351,0.098880105,1
0.24642189,0.15603666,1
0.6923824,0.064761996,1
-0.5072969,0.7351911,1
0.07607137,0.05496071,1
0.13603906,0.29062212,1
0.21033914,0.04387472,1
-0.6985107,0.18682653,1
-0.24973918,0.31533656,1
0.38450986,-0.17657036,1
-0.06504701,0.09493597,1
-0.46312276,-0.58180803,1
0.42977136,-0.107407235,1
0.06826399,-0.210358,1
-0.17501691,-0.5424848,1
-0.9122998,0.21993619,1
0.32798144,0.3646435,1
0.08008836,0.59546554,1
0.44281945,-0.7004686,1
0.79764295,0.35793427,1
0.5283073,0.16567582,1
0.15868884,-0.45948732,1
-0.6900034,-1.0873867,1
-0.23055293,-0.2315067,1
-0.1386806,-0.39842612,1
-0.031153282,0.33264515,1
-0.27852112,-0.9097824,1
0.09576204,-0.3961466,1
0.23137283,-0.24813078,1
-0.8000277,0.522435,1
-0.8233656,0.5945148,1
0.046585564,0.2502952,1
1.0669799,-0.94695616,1
0.504679,0.38830078,1
-0.101971865,-0.028411346,1
-0.20331791,-0.25178203,1
-1.1205559,1.122817,1
-0.37936318,-0.4995787,1
-0.038750656,-0.49753013,1
0.2795995,-0.6714956,1
0.5192402,0.39610463,1
0.008712927,0.5600772,1
0.41083798,0.34952295,1
-0.5482557,0.28351098,1
-0.23278908,0.42012432,1
0.98865545,-0.060323935,1
0.40602598,-0.25412825,1
0.260638,-0.6708937,1
-0.68315446,-0.68965495,1
-0.074026845,-0.34965435,1
-0.5919339,0.097134195,1
-1.0302366,-0.69007754,1
-0.26464438,-0.72949344,1
0.2899143,-0.6926584,1
-0.18640237,0.8147639,1
0.30567715,-0.72947073,1
0.19488966,-0.6277955,1
0.7818989,-0.34508845,1
-0.51111966,0.06308672,1
0.593361,0.8817923,1
0.36820537,-0.2836566,1
0.002683085,0.24016495,1
-0.8337686,0.937243,1
-0.14323612,-0.1092971,1
-0.20171906,-0.60482967,1
-0.28014177,-0.7079994,1
0.5898164,-0.65568995,1
0.67416334,0.84431964,1
-0.34462577,0.4631683,1
-0.26676747,-0.24374697,1
0.46932623,0.15974368,1
0.11687806,0.08433215,1
-0.32176316,0.2943157,1
0.37908924,-0.41813204,1
0.47877288,1.0557811,1
-1.1304328,0.20890595,1
-0.18464373,0.62985814,1
-0.1356958,0.07996833,1
-0.25007275,-0.13673198,1
-0.583469,0.22433466,1
-0.9480285,-0.11959866,1
-0.86659664,-0.055935323,1
0.26564917,0.3203619,1
-1.0672965,-0.7493345,1
0.24737579,0.24562925,1
-0.6636126,0.08740619,1
0.7700014,-0.5805073,1
-0.92232895,0.13817,1
-0.26938838,0.05655331,1
-0.12930779,0.08515959,1
-0.071439065,0.29379326,1
-0.058547463,-0.6221361,1
-0.3878904,0.450681,1
0.32741198,-0.033707093,1
-0.6224689,0.6242668,1
0.2604841,0.5092004,1
0.103891246,0.3094608,1
0.90464264,1.0211656,1
-0.46345717,-0.21135068,1
-0.26575226,-0.1631272,1
-1.0370656,0.034888715,1
-0.76459515,-0.3046807,1
-0.3297154,-0.6241624,1
0.46145642,0.0334509,1
-0.5263741,-0.112127334,1
0.58294106,-0.7801045,1
0.5170751,-0.01704373,1
-0.21664868,0.27391618,1
0.4724986,-0.1959682,1
0.08897431,-0.24194132,1
0.917092,0.7728768,1
-0.45148718,-0.46167353,1
-0.5214504,0.088230945,1
-0.20263775,0.67859423,1
-0.59981585,0.37395558,1
-0.022987261,0.8381748,1
-0.37625304,-0.4048171,1
-0.30387297,0.017486967,1
0.24276058,-0.5921218,1
-0.5602127,0.04941135,1
0.38533086,0.16421568,1
0.4187635,-0.18229815,1
-0.043206863,0.23600587,1
0.35685268,-0.22090921,1
0.15876324,-0.19171079,1
0.35805047,0.4650987,1
-0.48004875,-0.24240808,1
-0.8396501,-0.38733706,1
-0.48682633,0.6374347,1
0.16006488,0.0732895,1
-0.12832668,-0.01740878,1
-0.24833877,0.28528413,1
-0.31680986,0.21275912,1
0.18928738,0.14171483,1
-0.2795896,-0.369674,1
0.9682825,-0.5013458,1
0.8377334,0.40690666,1
0.7572423,-0.39255244,1
0.12920076,-0.18977283,1
0.4784237,-0.058614735,1
0.40151942,0.008427103,1
-0.576109,-0.36501852,1
-0.46997443,-0.22615486,1
-0.153055,-0.18117462,1
-0.8852307,-0.26375708,1
0.9180356,0.91227394,1
-0.07538327,-0.22604553,1
-0.64490324,-0.05076917,1
-0.5059236,-0.8252269,1
-0.5372109,0.12185972,1
-0.14585178,0.005699228,1
-0.5564582,0.42703,1
-0.2272924,-0.057977308,1
1.0055777,0.26879218,1
0.1616936,0.39764485,1
0.6305536,1.3786277,1
-0.75726366,0.09865224,1
-0.3844472,0.6522402,1
-0.53066754,0.88319194,1
0.074707024,-0.8381629,1
0.53013855,0.7070325,1
0.19773763,0.4098135,1
-0.4930119,-0.09360214,1
0.4019857,0.5336853,1
0.06317614,0.0002786855,1
0.08239544,-0.22472934,1
-0.072265714,-0.34851483,1
0.46724808,-0.507145,1
-0.39825028,0.4124701,1
0.3007507,-0.53164995,1
-0.25527325,-0.47789887,1
0.18843214,0.5402973,1
-0.45829564,-0.56329775,1
-0.3892642,0.022078775,1
-0.9374396,-0.2742217,1
0.9331791,0.93184614,1
0.13058433,-0.3122703,1
0.5988479,0.052090175,1
-0.28859887,0.12544365,1
0.2908135,0.086880974,1
0.0014472514,-0.16356939,1
0.32158628,-0.7841575,1
0.3783512,0.22624257,1
-1.0731088,-0.943117,1
0.19326988,-0.048355937,1
0.110019065,-0.2340849,1
0.4492161,-0.4406703,1
-0.023255823,0.42496186,1
-0.20713705,1.0725971,1
-0.14051819,-0.0975661,1
-0.066195205,1.0342063,1
-0.24494424,0.18214972,1
0.16795419,-0.4816118,1
0.43880138,-0.16240862,1
1.1825479,0.06727206,1
-0.22074236,0.57767075,1
-0.21595295,-0.19916339,1
0.5772396,0.0019808423,1
0.037173223,0.08175777,1
-0.09765046,1.2057202,1
0.791564,0.66550606,1
-0.019133985,-0.5387903,1
0.32434183,-0.076470464,1
0.55605567,-0.0616299,1
-0.16143821,0.16930825,1
0.32111356,1.1498687,1
-0.5207641,-0.7579769,1
-0.6655257,0.5113439,1
-0.24833757,0.01184379,1
-0.10520348,-0.33838063,1
0.3682761,-0.7682541,1
0.095480576,-0.7371037,1
0.6296904,-0.4078658,1
0.7630204,0.12440369,1
-0.37808216,-1.3815008,1
-0.6568795,-0.4844535,1
-0.40712124,-0.67461705,1
0.25117078,-0.7416581,1
-0.5727234,-0.68949574,1
0.45333612,-0.0053450824,1
0.15940458,-0.26135793,1
-0.11826162,0.7740205,1
0.5080332,0.6602672,1
-0.45893306,0.151162,1
-0.7431066,0.54126346,1
-0.0034810319,0.73864096,1
0.5198966,0.3199963,1
0.1588223,-0.1453764,1
-0.1390006,0.2386018,1
0.25961354,0.12679356,1
-0.9578552,0.1326456,1
0.32384938,-0.09877603,1
0.66915184,0.99014187,1
0.49411592,-1.9654964,1
0.5114633,0.02270697,1
0.027006662,-0.26371488,1
-0.29873466,-0.33320463,1
0.33174452,-0.07242474,1
1.0962815,-0.37793913,1
-0.2913884,-0.49695966,1
0.011551035,0.8453657,2
0.33745888,1.2397633,2
-0.0132754315,0.83469397,2
0.13974774,1.0124071,2
-0.15069824,0.90076643,2
-0.05902874,0.653264,2
0.25950044,1.1479002,2
-0.051569674,0.99866796,2
-0.22567312,1.4399141,2
-0.050424647,0.90980554,2
-0.19695656,1.0639806,2
-0.20095746,0.8659619,2
-0.11851713,0.57561755,2
-0.10056794,1.1929609,2
0.3550906,0.9038111,2
0.05866461,0.9823733,2
-0.1042781,0.9231888,2
-0.074922204,0.9435287,2
-0.054751325,0.85519874,2
-0.081391,0.86066204,2
-0.012681803,0.93122435,2
0.2073185,0.7902933,2
-0.34103587,1.182355,2
0.2247843,0.9999551,2
-0.04752952,0.77014524,2
0.0515015,0.93084437,2
-0.08545052,1.0521138,2
0.09179948,1.1775229,2
-0.12633733,0.777898,2
-0.3160704,0.60168374,2
0.005792938,0.88747144,2
-0.25642616,0.73745227,2
-0.24829513,0.77898884,2
0.33349946,1.2510871,2
0.0059321583,0.7410047,2
-0.28945056,1.0613543,2
-0.0027906452,1.165338,2
0.09764053,1.0444765,2
-0.04627173,0.9021384,2
-0.060677875,0.57626146,2
-0.25742137,0.6752734,2
0.048156206,1.2300419,2
-0.1160768,0.9912042,2
-0.1481721,1.0448124,2
-0.08428708,1.1195416,2
-0.08760388,0.977606,2
0.05896732,0.5914479,2
0.39794618,0.9581425,2
-0.16293648,1.4322263,2
0.33597112,1.1316721,2
0.082232505,1.0444607,2
-0.044107657,1.0899352,2
-0.05045369,0.6898036,2
0.03276614,0.92296475,2
0.09461857,1.173002,2
0.022495879,0.575146,2
0.36510333,1.2276232,2
-0.18869612,0.7145077,2
0.3637954,0.93013567,2
-0.30675682,0.8891613,2
0.0019308197,0.87689227,2
0.092901126,0.9767823,2
-0.09517205,0.67463994,2
0.21933118,1.0330098,2
-0.08578218,0.89137393,2
0.17935911,0.82855594,2
-0.03993003,1.2926935,2
-0.13565062,1.54771,2
0.058487356,1.4576207,2
0.038790137,0.93678427,2
0.08769707,1.1647531,2
-0.13468339,0.910587,2
-0.13584276,1.0689532,2
-0.06691946,1.3565941,2
-0.2171463,0.731902,2
0.38414344,1.0603418,2
0.10429762,1.0509509,2
-0.035765912,1.1835719,2
0.035898313,0.8676535,2
-0.27285227,0.9137449,2
-0.099564925,0.87590146,2
0.46617788,0.9967757,2
-0.343421,0.95822394,2
-0.12804678,0.8748045,2
-0.31493002,0.68687654,2
-0.19962893,1.1602893,2
0.08822527,0.98003405,2
0.02853456,1.0609857,2
0.18174769,0.8395779,2
-0.40316442,0.6579598,2
-0.27583382,1.0786997,2
-0.15297905,0.9625237,2
-0.06578467,0.6944044,2
-0.018784823,1.1215528,2
0.19263077,1.0920557,2
0.11548254,0.73591685,2
-0.08614089,1.4334785,2
0.2721658,1.0529643,2
-0.057550613,0.79881746,2
0.1957155,1.0478649,2
-0.2641489,1.0619344,2
0.42156434,1.2335608,2
0.094526224,0.90097415,2
-0.24636723,0.9520109,2
-0.24070804,1.0810103,2
0.044018593,0.85773826,2
-0.13407367,1.1804478,2
-0.0149753075,1.1674168,2
0.03881504,1.1062636,2
0.047034405,0.8597186,2
0.11062303,0.97036266,2
-0.08009676,1.1933346,2
-0.32284367,0.8923444,2
0.14135411,0.85115045,2
0.15367612,0.8999835,2
-0.21679714,0.8666016,2
-0.04835123,0.96265686,2
-0.016421445,1.4731351,2
0.10574606,0.97701436,2
-0.1542503,1.1220833,2
-8.827514e-05,1.1578125,2
-0.08385846,1.1390117,2
-0.07946358,0.85674787,2
-0.32898092,0.91564804,2
-0.12170925,0.9647772,2
-0.15127459,0.9419123,2
-0.20969878,0.48920628,2
-0.07106493,0.97507775,2
-0.15710494,0.5818373,2
-0.05306316,0.9554222,2
-0.19518635,0.87096804,2
0.24054219,1.1916883,2
-0.22339168,1.1824709,2
-0.17932367,0.9346142,2
0.14928664,0.89511496,2
-0.21922073,1.1104379,2
-0.10434836,0.97868824,2
0.01923687,1.3672153,2
-0.26148337,1.2283223,2
-0.3678624,1.295183,2
0.303229,0.4657856,2
-0.10543601,0.8476949,2
-0.13554974,0.721148,2
0.2004731,1.3117576,2
-0.2688515,1.2339878,2
0.10367926,1.1742901,2
0.075218156,0.75551045,2
-0.13899162,0.8780837,2
0.14907233,1.1058686,2
-0.3003197,1.0831935,2
0.27359855,1.2001302,2
-0.115845755,1.2590363,2
0.1492246,0.99429184,2
0.47607407,0.79553664,2
0.108413346,1.3669884,2
-0.13021274,0.8946824,2
-0.09487024,0.8703103,2
-0.029443702,0.8169374,2
-0.20992011,0.346228,2
-0.06424969,0.90449226,2
-0.007139533,0.771144,2
0.13372348,1.066945,2
-0.11562535,0.7818935,2
0.25664628,0.8332151,2
-0.21584243,0.77189237,2
0.08616057,1.2332764,2
-0.27289417,0.8681354,2
-0.19382213,1.0380318,2
-0.07301521,1.0726818,2
0.1525903,0.84814334,2
-0.09973628,1.036728,2
-0.08492734,0.76027566,2
0.2535225,0.7879645,2
0.08684807,1.0952218,2
0.17894755,0.6901712,2
0.09851836,0.9093569,2
0.036024164,1.248196,2
-0.27903795,0.8607303,2
0.11019998,0.6400704,2
0.086477906,0.9058561,2
-0.114777274,0.9983193,2
-0.07470216,1.0684375,2
0.12442787,1.2609997,2
-0.07925221,0.88013434,2
-0.40043,1.0396097,2
0.19567959,1.0901023,2
0.13331853,1.3214115,2
-0.05856174,0.9972713,2
0.27869344,1.0237421,2
0.06136571,1.2409807,2
-0.2204607,1.0900337,2
0.29773378,1.1564704,2
0.0047364137,1.0419564,2
0.058562692,1.2417486,2
-0.02080042,0.71402276,2
0.18295175,0.76477885,2
-0.0149590345,0.9589549,2
0.1265766,0.7219198,2
-0.1692864,0.6983045,2
-0.20118554,0.997089,2
-0.1341964,0.8523261,2
-0.30207247,0.80406374,2
-0.17816482,0.8479107,2
0.095410876,0.97034055,2
0.16529623,1.0101866,2
-0.3645883,0.8298279,2
-0.067143664,0.7927244,2
0.03764413,1.099265,2
-0.066559896,0.9054816,2
-0.21114756,0.73832154,2
0.3259874,0.61255807,2
0.21428192,1.1300408,2
0.09282964,1.0041511,2
0.096136354,1.1476111,2
-0.07492797,1.1098592,2
0.015545884,0.78226745,2
0.5670027,1.345168,2
0.0038499064,1.1761816,2
0.023468925,1.5183228,2
-0.08102628,0.97482663,2
-0.11709242,0.902039,2
0.4468942,0.72791284,2
0.2702664,0.8036516,2
0.06975501,0.64857465,2
0.19792512,1.0721217,2
0.030470995,0.76162773,2
0.1294868,0.98524183,2
-0.11924247,0.98794615,2
0.28698927,0.8858979,2
-0.16339765,1.3841676,2
0.30275702,1.0288966,2
0.16531454,1.1040828,2
-0.05668331,0.54155415,2
-0.058292348,0.9749119,2
0.06814621,0.5898266,2
0.039924838,0.6647652,2
-0.19643116,1.0218009,2
0.091730095,1.0911784,2
-0.077696994,0.892414,2
0.023903547,0.80970365,2
0.028601337,0.8879326,2
-0.062317498,1.1569529,2
-0.4022373,0.9004484,2
-0.23908292,0.88251245,2
0.1445981,0.9808114,2
-0.031565145,1.219849,2
-0.3427718,1.2332948,2
0.065841176,0.74809384,2
0.0023553981,1.0330746,2
-0.18979429,1.3441646,2
-0.5411478,1.3825939,2
-0.14471714,0.7863932,2
0.0115542235,0.88718534,2
-0.078584835,1.0404071,2
-0.30544624,0.85976493,2
0.12567192,1.170036,2
0.13311248,1.0039188,2
0.12680772,1.0273551,2
-0.08140064,0.61013156,2
0.21974418,0.7423204,2
-0.18737233,0.8739713,2
0.22823259,0.81912994,2
0.018655544,1.3286567,2
0.01129557,0.9985843,2
-0.03651869,1.1209164,2
-0.013689249,1.1394085,2
0.05380874,1.311282,2
-0.12911722,1.339637,2
0.13479775,0.888383,2
-0.12192568,0.75911266,2
0.157292,1.1427366,2
0.12393084,1.3611454,2
0.01306096,0.6352366,2
0.06751776,1.0587978,2
0.029328445,0.9696411,2
-0.081952654,0.8178367,2
-0.15650983,1.0867525,2
-0.1113123,0.95773655,2
-0.44574633,0.99951005,2
-0.03909415,1.0586083,2
0.023971973,1.2218574,2
-0.097074054,0.9476089,2
-0.12295712,0.8248088,2
-0.26106492,1.2868943,2
0.05712477,1.0886124,2
-0.24520552,0.97959703,2
-0.28990594,1.0238044,2
0.3265455,1.0006845,2
-0.10349845,0.71860284,2
0.4046451,0.81523806,2
-0.42332128,0.73355,2
-0.2877967,0.9120839,2
-0.09254446,1.0734313,2
-0.34552377,1.1097146,2
-0.067789845,1.0082812,2
-0.107969515,0.9237471,2
-0.1573271,0.98342836,2
0.015214126,1.2577658,2
0.2134169,1.258525,2
0.10009891,0.9422727,2
0.43753657,0.78038996,2
0.0075741885,0.9992484,2
-0.31447914,1.0460432,2
-0.2443476,1.1718065,2
0.1337372,1.1569973,2
-0.102730565,0.7987338,2
0.2322625,1.0050089,2
-0.1121525,1.24185,2
0.1350956,0.841895,2
-0.3273333,0.8126303,2
0.031652298,1.2673546,2
-0.19390796,1.3159386,2
-0.26619813,1.242645,2
-0.121513076,1.1477027,2
-0.033769116,0.71984255,2
-0.0069456515,0.74495524,2
0.011638126,0.93702406,2
-0.1636377,0.83426213,2
-0.24488665,1.2161454,2
-0.091151714,1.0750561,2
-0.16062438,0.9840197,2
0.24645764,0.9461779,2
-0.08849379,1.0048909,2
-0.1820032,1.3110181,2
-0.07062244,0.8054633,2
0.19749929,1.0486845,2
0.06705392,0.8607222,2
0.22760229,1.1450125,2
0.13401267,1.0663092,2
0.18644913,0.9020428,2
-0.1292703,1.2206726,2
-0.051440462,1.1608244,2
-0.110982835,1.1186352,2
-0.08338385,1.1358289,2
0.1710862,1.1850212,2
0.14257246,0.62120473,2
-0.24486049,1.218261,2
-0.21067518,0.8354469,2
-0.023842487,1.0914837,2
0.54170936,0.9742141,2
0.30989674,1.0332395,2
-0.15934229,1.0311925,2
0.11539216,0.6945115,2
0.03165601,1.1857218,2
0.054228663,0.95903707,2
0.03404354,1.1011585,2
-0.008082395,1.0409122,2
0.14760578,1.2297481,2
-0.38642293,1.1094736,2
0.18816733,1.0324643,2
-0.1070071,0.8971072,2
-0.48735043,0.7484394,2
-0.19348483,0.8840426,2
-0.049438063,1.0569249,2
-0.19289945,0.9749897,2
-0.21378204,1.017203,2
0.09377832,1.2188241,2
0.20900835,1.0299069,2
-0.1200739,1.2163804,2
-0.32722196,0.7944728,2
0.1373662,0.47295943,2
0.1480869,0.7347763,2
-0.0061864313,1.0655982,2
-0.06651975,1.079595,2
-0.018985983,0.8861383,2
0.25385714,1.1089591,2
-0.31504342,0.7612915,2
-0.12055959,1.0665421,2
0.117268845,0.7793411,2
0.22800945,0.7359104,2
0.10106308,1.0020667,2
-0.29486758,0.9763758,2
-0.17418772,1.1398765,2
0.29224345,1.1894498,2
-0.11954736,0.47397694,2
-0.02094871,1.4106569,2
0.018723853,0.9681022,2
-0.0076192585,1.0188792,2
-0.09574935,1.0194646,2
-0.26198497,0.95888215,2
-0.4460612,1.1141943,2
0.07184483,1.118538,2
-0.10472522,0.760072,2
-0.09966886,1.3910319,2
-0.15843585,1.0628285,2
-0.27081746,1.1676239,2
0.18768397,0.68874675,2
0.033710603,1.0971978,2
0.13621311,1.2181629,2
-0.281769,1.4907746,2
0.14267975,1.0628183,2
-0.16057071,1.3038813,2
0.017277094,1.2537313,2
-0.061929755,0.75747263,2
0.4504539,1.3502645,2
-0.075029254,0.665234,2
-0.2332845,1.2464892,2
0.1896738,0.8378709,2
-0.2189684,1.0718204,2
-0.021770524,1.011404,2
-0.029980026,0.86183727,2
-0.07597453,0.8487998,2
0.05451615,1.3966817,2
-0.20039937,1.0004632,2
0.21160933,0.90019727,2
-0.06946412,0.98204035,2
0.1606143,1.1165682,2
0.0056976494,1.0112214,2
0.054758772,1.0699435,2
0.31951132,0.87898344,2
0.03258847,0.9011649,2
-0.040959798,1.2485615,2
-0.086393885,0.75755113,2
0.27645078,0.8195213,2
-0.19916604,1.118361,2
-0.034820408,1.286665,2
-0.34963363,1.209221,2
-0.057598893,1.374519,2
0.036795866,0.76424,2
-0.03762164,1.4001681,2
-0.15490314,0.62177885,2
-0.11747099,0.53019184,2
-0.036388602,1.2364273,2
0.07209747,1.0358055,2
0.06874601,0.9496117,2
0.007299775,0.91389257,2
0.20781758,1.0484611,2
-0.01271178,1.1296884,2
-0.036809336,1.0150533,2
0.082061864,1.0535631,2
-0.1547154,0.8936981,2
0.0955183,0.95780236,2
-0.24092907,1.4454485,2
-0.12563877,1.1964941,2
-0.02244605,0.81203055,2
-0.31040117,1.0767518,2
0.056853157,1.2238879,2
-0.018898642,0.77496696,2
0.11754199,0.8484513,2
-0.2336659,0.9785103,2
-0.3789889,0.9430373,2
0.17709881,1.2453699,2
0.071979344,0.94017,2
-0.05959313,0.9557868,2
-0.22354831,1.3298023,2
-0.075410694,0.95167804,2
0.07391368,1.1280651,2
-0.21312824,1.0994864,2
0.09360909,0.82056385,2
-0.121455796,0.85535926,2
0.1737965,1.0254104,2
0.0059669707,1.274893,2
-0.3063684,1.1463659,2
-0.23695281,0.7809929,2
-0.26916555,1.305762,2
-0.3072496,1.2483263,2
-0.07267163,1.266584,2
0.4756866,1.0449347,2
0.1331222,0.7065119,2
-0.2203276,1.0459025,2
-0.037506912,1.1794262,2
-0.3655759,0.6190828,2
0.14890529,1.1885033,2
-0.088465616,0.9947769,2
-0.018585946,0.6902341,2
-0.2896029,1.326757,2
-0.2357277,1.1412356,2
0.07328861,1.0514438,2
0.038674362,1.0406982,2
0.055665296,1.0046842,2
0.23286232,0.724719,2
-0.026121331,1.0822856,2
-0.21529014,0.899134,2
0.014602556,0.9445931,2
-0.06701832,0.9487568,2
0.039507177,1.0245684,2
-0.40192994,1.2571753,2
-0.4492241,1.150953,2
-0.43168193,1.1523983,2
0.08977505,0.92719686,2
0.055374682,1.1978183,2
0.03438566,0.8860444,2
-0.14060377,1.1666812,2
0.12179283,1.5670873,2
-0.3036484,1.0686221,2
0.15439175,0.78858036,2
-0.20842199,0.89291227,2
0.27943465,0.86852425,2
-0.10682592,0.7854318,2
-0.30533782,0.8093134,2
-0.0016252748,1.0787374,2
0.060205277,0.7499717,2
-0.0013555374,1.0672841,2
0.45997453,0.9917124,2
-0.3954771,0.6053862,2
0.19890432,1.0372666,2
-0.022533398,0.9587005,2
-0.07731438,1.2182269,2
-0.033681456,1.1124724,2
0.031638853,1.0237068,2
-0.1137357,0.699895,2
-0.12922052,1.0729489,2
0.11513325,1.1280198,2
0.10510572,0.66919863,2
-0.11924153,0.879136,2
-0.15777056,1.1262305,2
-0.053211495,0.7863392,2
-0.0792559,0.59727377,2
0.15130596,0.8150086,2
0.15194136,1.0040488,2
-0.289571,0.5829767,2
-0.20939536,1.3656756,2
-0.06267374,1.2118505,2
-0.012366609,1.3203961,2
-0.073613755,1.0419458,2
-0.023596894,1.300708,2
-0.2952726,0.90912926,2
0.23036611,0.91397053,2
0.24025318,0.79752517,2
0.15443042,0.8005416,2
0.14899696,1.2913105,2
-0.15014201,0.922182,2
-0.42916015,1.106832,2
-0.3396928,0.9204903,2
0.016653487,1.2552245,2
0.12571287,0.7502582,2
-0.33740863,0.9220665,2
0.019006418,1.3116891,2
-0.05128763,0.77095926,2
0.3336628,0.8169656,2
-0.3361881,1.1504961,2
-0.20349227,1.3040848,2
0.4864377,1.1839151,2
-0.30794254,0.8041204,2
0.12487521,0.666737,2
0.11506274,0.9972966,2
0.2599265,1.1403917,2
-0.18184854,0.9187383,2
0.15653977,0.98177797,2
-0.2288993,1.140031,2
0.32162407,1.1084895,2
0.104496114,0.81427777,2
-0.2042438,1.1745269,2
0.030590015,1.1211568,2
0.2447814,1.1192104,2
-0.065858886,0.8514966,2
-0.20671284,0.83092225,2
-0.18941265,0.63024646,2
0.13757467,1.2866039,2
-0.17123039,1.1991011,2
0.014083776,1.0443736,2
0.45965117,1.0217384,2
-0.13332698,0.9916871,2
0.023490805,1.0110863,2
0.13491616,1.261925,2
0.14599513,1.1139159,2
-0.31322378,0.8013229,2
0.15800998,0.7915211,2
0.21695167,1.2752979,2
-0.089220755,1.0867403,2
0.043410942,0.84662783,2
-0.19826426,0.9804582,2
-0.20713091,0.6962871,2
0.04916968,0.81368595,2
0.21522681,0.6846632,2
-0.39726236,1.0722529,2
0.2297273,1.2173938,2
0.06412418,0.49604052,2
-0.060815312,0.8663234,2
-0.26093945,0.820578,2
-0.0140764415,1.2262836,2
0.3037612,1.1929414,2
0.37455583,0.62569577,2
-0.1211276,1.1490015,2
0.15577704,1.3729359,2
0.06512053,0.88447505,2
0.2141452,0.9991462,2
-0.047023106,0.83886456,2
0.37675092,1.0828872,2
-0.42586544,1.0440142,2
0.14766234,1.0213487,2
0.34282288,0.84579563,2
0.05913507,0.80196166,2
0.044708923,1.2577114,2
0.19209592,0.88249946,2
-0.059470575,1.0365219,2
0.253001,1.1882905,2
-0.30907884,1.1861466,2
-0.08476875,0.8356428,2
0.13911973,1.1373181,2
-0.40652636,1.3828886,2
0.03810933,0.99235815,2
-0.022778856,1.2419928,2
-0.14974096,1.0502205,2
-0.106502466,1.0007738,2
-0.18222323,1.3889765,2
-0.08275315,0.86719495,2
-0.13137339,1.103553,2
0.28850606,1.0736899,2
0.09238243,0.78790987,2
-0.24333346,0.86869514,2
-0.042617146,1.0758525,2
0.029068552,1.021093,2
0.18693303,0.59615654,2
-0.020061763,0.7640339,2
-0.03215027,1.2795075,2
-0.3239185,0.8426242,2
0.1248406,0.8992064,2
0.16827047,1.2323327,2
-0.082548484,0.90162796,2
0.06673888,1.0761148,2
0.21591659,1.059333,2
0.045598533,1.1640655,2
0.009162429,1.2480808,2
-0.19171137,1.1389962,2
0.24637774,0.5255667,2
-0.04213168,0.7886582,2
-0.24658765,0.75324214,2
-0.026999861,1.2823824,2
0.21917544,1.1692065,2
0.058212586,0.89878565,2
-0.23016036,1.1725564,2
0.0893513,0.87171555,2
0.03576646,1.1217098,2
-0.31368566,0.9475078,2
0.0031867782,1.1989242,2
0.36460105,1.2422414,2
-0.1930817,1.3002999,2
-0.24434121,0.8571433,2
0.0707435,1.1030124,2
-0.09767002,1.102997,2
0.38270557,0.66270375,2
-0.077378765,0.8168877,2
-0.10612222,1.2015681,2
-0.37147006,1.1238989,2
-0.01281432,0.9726645,2
-0.19497994,1.0632923,2
-0.052704047,1.34299,2
-0.077752315,1.0676262,2
-0.6431564,0.99143004,2
-0.11526156,1.0416983,2
-0.14730228,1.0209599,2
0.21696138,1.0401022,2
0.035085503,1.0251886,2
-0.34101865,1.2282321,2
-0.28052557,1.0790055,2
0.0344533,0.6502695,2
-0.2911259,1.3054131,2
-0.05010542,1.2593367,2
-0.10882159,0.8932755,2
-0.073855214,0.9678165,2
-0.15209806,0.98907673,2
-0.24417897,0.9952051,2
0.44036856,0.9824266,2
-0.28500587,1.1352658,2
-0.38969165,0.9662801,2
0.022163438,1.2768335,2
0.12830746,1.1163536,2
0.12860973,1.2869886,2
0.50436085,1.1023824,2
-0.202091,0.7780826,2
-0.25514436,1.0989558,2
-0.10190499,0.95654976,2
-0.060565256,0.9108872,2
-0.15265259,1.1075916,2
0.04065305,1.1808629,2
0.16415161,0.98476064,2
0.013242485,0.7589524,2
-0.00912769,1.3504399,2
-0.11619586,0.99760485,2
-0.08529667,0.86453027,2
-0.147327,1.2297665,2
0.03265846,1.0085508,2
-0.14116049,0.9918825,2
0.0941361,0.96576154,2
-0.293526,0.9392579,2
0.09937382,1.0633931,2
-0.0050998116,0.88796526,2
0.16717958,0.7686076,2
-0.11092695,1.1702334,2
-0.031606037,0.7244726,2
-0.16771889,0.99410677,2
0.080207005,0.945773,2
-0.021349197,0.85670066,2
-0.03837156,0.761987,2
-0.054138124,1.0576593,2
0.13314284,0.97514796,2
-0.062403496,0.8067818,2
0.26790467,1.339811,2
-0.047174647,0.78325826,2
-0.14677168,1.07527,2
0.030540088,0.6200741,2
-0.51105225,1.4554437,2
0.043508686,0.5861879,2
0.066362634,0.6928766,2
-0.16981514,1.0637463,2
-0.12792943,0.78819376,2
0.0010793589,1.1762971,2
0.24122398,1.1968814,2
0.11942275,1.2203244,2
0.27661565,1.0230972,2
-0.06744897,0.6688909,2
0.007210496,1.0066521,2
0.120012976,1.1098052,2
0.11781089,0.75432605,2
-0.19080177,1.0891235,2
0.19861479,0.94475496,2
0.121069066,0.9593047,2
0.033597704,0.9287711,2
-0.5037347,0.75539994,2
0.19773181,1.1439878,2
0.059586387,1.054561,2
-0.0014280286,1.1381478,2
-0.13866335,0.97662616,2
0.12874243,1.1914082,2
0.115327604,0.9980714,2
-0.15382332,0.80211693,2
-0.22211342,1.1443273,2
0.2611731,0.91800433,2
0.21986273,0.8955089,2
-0.01673526,1.5683272,2
0.41949883,0.7216667,2
0.06193924,0.92400855,2
-0.053382553,0.7423769,2
0.18926288,1.247665,2
-0.4170643,1.101381,2
-0.22480488,1.0230877,2
-0.17673501,0.9564702,2
0.12408331,0.6214506,2
-0.024751637,0.7034695,2
0.40372792,0.61990434,2
-0.15299399,0.89497066,2
0.075957105,1.0437263,2
-0.07063476,1.0325345,2
0.21734032,0.8118027,2
-0.17532179,1.0462897,2
0.010988042,1.1512698,2
-0.037006006,0.5366036,2
-0.02832835,0.5925646,2
0.044835236,1.1536527,2
0.18651593,1.1813865,2
0.10585181,1.186364,2
-0.22060226,1.1873986,2
0.08015082,1.1450735,2
0.032712094,1.1122717,2
-0.040615715,0.8698224,2
0.14256291,0.9286992,2
0.13963783,0.89061254,2
-0.20715515,0.8973866,2
0.03385198,1.0616474,2
-0.2019452,1.0988783,2
-0.27002236,1.2289057,2
0.13289675,0.93304366,2
0.385577,1.1294078,2
0.29802394,0.96447223,2
-0.045990355,1.1349583,2
-0.41270557,0.92738503,2
0.18124263,0.9171867,2
0.15135723,0.9637069,2
0.073881336,1.2742258,2
0.051110245,1.0779203,2
0.16615763,1.1203786,2
-0.031552788,0.73388416,2
0.15740126,0.8743681,2
0.07645753,1.2394669,2
0.31688818,1.2549322,2
-0.003968582,0.8204716,2
0.040507514,0.97687006,2
0.12233342,0.6582443,2
-0.098202124,1.208278,2
-0.09661367,1.1193748,2
-0.034362458,0.9474829,2
0.037953142,0.84286493,2
0.22385249,0.57997966,2
0.0035842578,0.73267365,2
0.10252509,1.047847,2
-0.1644181,1.0533872,2
-0.06265867,0.877443,2
-0.10763691,0.9072017,2
0.03575552,0.7517999,2
0.4503475,0.9033768,2
-0.30733988,0.93447644,2
-0.019512543,0.82715315,2
0.28573993,0.39418352,2
-0.056220904,0.71134466,2
-0.2406142,0.889843,2
-0.16218168,1.0769905,2
-0.24855173,1.0772742,2
-0.30795044,1.0791615,2
0.0023506156,1.0294707,2
-0.03922767,0.827282,2
-0.024449265,0.6270684,2
-0.006014985,0.92486167,2
0.063150935,1.0677036,2
-0.030369287,0.8179719,2
0.18185455,1.0343916,2
0.13952056,1.194405,2
-0.021926185,0.64890945,2
-0.14889562,1.2690796,2
-0.09643533,1.0349145,2
0.12638715,0.8509378,2
0.3193803,1.2434856,2
0.21080784,0.95764494,2
-0.08451072,0.694529,2
0.056092303,1.332166,2
-0.14922921,0.6938874,2
-0.058545925,1.0020021,2
-0.21547085,0.7035942,2
-0.0037118532,1.1019175,2
0.078594975,1.0734895,2
0.23867801,1.1959438,2
0.44385,0.7138534,2
-0.11857502,1.0923586,2
-0.14116338,0.9699308,2
-0.05333928,0.9841646,2
0.06646126,1.0442828,2
0.17436337,0.42523417,2
0.3405141,1.0118418,2
0.16410232,1.1871898,2
0.17232412,0.82395697,2
-0.1117386,0.9855747,2
0.4065347,1.0806019,2
0.37317577,1.1174418,2
0.22726294,1.0077565,2
0.17980756,1.1132551,2
-0.48099408,0.98460954,2
-0.3083285,0.81514245,2
0.28018618,0.9310057,2
0.011327999,1.3482256,2
0.29763883,0.78763366,2
-0.046553854,0.9665312,2
0.33787796,0.95485187,2
-0.009241515,1.2516636,2
0.046905193,0.8433296,2
0.24776426,0.77504706,2
0.2133354,0.86515296,2
-0.2949251,1.0251845,2
0.05635443,1.3179494,2
-0.012424819,0.98527354,2
0.23889747,1.0662932,2
-0.1228725,0.8224311,2
0.25019535,1.20872,2
-0.098387495,1.0000951,2
0.20728005,1.008756,2
0.20106961,1.0017505,2
-0.10638179,1.0498298,2
-0.10416888,0.93187714,2
0.29971606,0.8920521,2
-0.18589231,0.8266043,2
-0.27545613,0.26399222,2
-0.068411715,0.7953855,2
-0.020766098,0.7547924,2
-0.021131963,0.9412336,2
0.16650416,1.2030567,2
-0.12032077,0.8343025,2
-0.19977368,1.286943,2
-0.060320463,0.7901112,2
0.32444265,1.0226102,2
0.048964035,0.94409263,2
0.13620995,1.0978621,2
-0.10088602,1.2189116,2
0.07567589,1.2238408,2
-0.030490989,1.0255127,2
-0.30797103,0.94698644,2
0.09678034,1.0761137,2
0.2516816,0.7957555,2
-0.18275876,1.0427266,2
0.052335374,0.99786955,2
0.29231143,0.9501042,2
0.07756972,0.8325882,2
-0.21357454,1.1805378,2
0.20889093,0.95402277,2
-0.2053719,0.6934507,2
-0.13900991,0.6695715,2
0.020543,1.0961567,2
-0.3519206,1.0660721,2
-0.041449,0.884259,2
-0.10088848,1.1562616,2
-0.064350866,1.1205456,2
0.12048488,1.3940904,2
-0.12312588,1.1162591,2
0.22461969,1.231256,2
-0.06663342,0.6974773,2
-0.113732435,1.3155373,2
-0.06352345,0.81084025,2
-0.3532819,0.94366366,2
-0.09568986,1.1628505,2
0.07968132,0.81136847,2
-0.09885049,1.2646306,2
0.17877457,1.0025028,2
-0.22916076,1.1383673,2
0.0019305344,0.97037,2
0.049702033,1.1741475,2
0.07563366,1.0236268,2
0.21272945,0.78441364,2
-0.031322375,1.0559013,2
0.07636869,1.4568282,2
-0.023728974,0.8791411,2
0.37246194,1.0904592,2
-0.014108486,0.882824,2
0.19727804,1.079711,2
-0.30132934,1.2157354,2
0.0743313,0.91356355,2
0.072512604,0.85667634,2
-0.33944044,0.8734353,2
0.11680728,1.0960183,2
-0.1082445,1.0654789,2
0.031049836,0.79888004,2
0.08611595,1.4763114,2
0.048667002,1.036673,2
0.1536847,0.8618479,2
0.30103183,1.2634326,2
0.345403,0.721513,2
-0.13302334,1.0911846,2
-0.47464907,1.1795727,2
0.25981662,1.1787244,2
0.22189622,1.0843959,2
-0.1245111,0.9886818,2
-0.13831075,1.3268672,2
-0.24852985,0.8081686,2
-0.021182247,0.7893517,2
-0.058706634,0.9289076,2
0.0090974625,0.8722124,2
0.21878827,1.0443149,2
0.0799288,1.1877747,2
0.024118364,1.0466807,2
0.076372236,1.0804163,2
0.1808175,0.8551956,2
0.2234171,1.3981662,2
-0.08076884,1.1110393,2
0.05223293,0.8888829,2
-0.008515037,0.96786267,2
-0.12976761,0.74686193,2
-0.33698457,0.45766446,2
0.09105545,0.9196158,2
-0.23894225,1.0650109,2
0.028981455,1.1436965,2
0.023407377,0.8904798,2
-0.008703399,0.84695524,2
-0.039139893,1.156843,2
-0.17266014,1.2497795,2
0.4505351,0.7540959,2
-0.14790928,0.6662675,2
-0.21302849,0.9666659,2
-0.2615367,1.1753811,2
-0.10338385,0.70421505,2
0.21416478,0.9290591,2
0.1188759,1.1787513,2
-0.061250955,0.8690822,2
0.024667202,1.1438916,2
-0.10502647,0.96391463,2
-0.24945317,0.9618684,2
0.15363471,1.0311931,2
-0.057241708,1.2021401,2
-0.07167749,0.8891,2
0.28399628,1.0005603,2
0.06983081,0.83196425,2
0.038489666,1.4558516,2
-0.31004295,0.7723628,2
-0.119070865,1.0653585,2
0.15784189,1.2715566,2
0.12085894,0.971088,2
0.044970524,1.1135231,2
-0.18919425,0.9603649,2
-0.2000191,1.244426,2
0.306858,0.9576839,2
-0.25966159,0.8203251,2
-0.024800973,1.3086638,2
-0.10390389,1.2254578,2
0.21621822,1.1805017,2
-0.17281553,1.1862773,2
-0.20122728,1.213211,2
-0.106780864,0.84709674,2
0.18981704,0.8462726,2
-0.04652326,1.0592475,2
0.014748841,0.82571536,2
-0.16307513,1.1453729,2
0.4143213,0.93559563,2
0.1349363,0.7621156,2
-0.06925925,1.1125953,2
0.016457923,0.6714526,2
0.076541774,0.7097614,2
-0.13533032,0.88802475,2
-0.07817311,1.1681528,2
-0.32955688,0.93791825,2
-0.13970341,0.8181393,2
0.009241106,1.0968522,2
-0.10146624,0.88048464,2
-0.079649545,1.0004376,2
0.112999275,1.0962005,2
-0.25070035,1.1688911,2
0.08583011,0.8842313,2
0.42821053,0.978554,2
0.38233307,1.2185323,2
0.2035431,0.93639773,2
0.15593325,0.7624309,2
0.013992598,0.8009557,2
0.105054244,0.785841,2
-0.326615,1.0919677,2
0.06120687,0.86380005,2
-0.98980033,0.4979469,3
-1.1907052,0.52089226,3
-1.3579433,1.579295,3
-0.66418666,0.7970851,3
-0.94877374,0.82402456,3
-0.83013755,0.8622652,3
-1.0892482,0.9589414,3
-0.8766147,1.5326287,3
-0.9283304,0.8761972,3
-0.6955949,1.1196032,3
-0.8479134,1.16407,3
-1.3455036,1.2639675,3
-0.88793266,0.7276592,3
-1.100549,1.2151803,3
-0.9487402,0.53315777,3
-1.1742035,1.2431223,3
-1.194353,1.468687,3
-0.9552677,0.6725595,3
-1.72457,1.0303537,3
-1.3275948,1.3893704,3
-1.0190598,0.8585304,3
-0.6796781,0.86489064,3
-0.8164363,1.1049027,3
-1.6719202,1.1034954,3
-0.6904997,1.2371911,3
-0.6336708,1.1241678,3
-1.2473464,1.4906164,3
-0.7031663,0.1925765,3
-1.1521139,0.69271487,3
-0.45860043,0.9663605,3
-1.5012741,1.4634675,3
-1.2572533,0.95604587,3
-1.7949369,0.7193106,3
-0.6810066,1.3400021,3
-1.0033292,0.9242096,3
-0.84716755,0.93328565,3
-1.2635638,0.87296635,3
-1.1306127,1.2628534,3
-0.76907927,0.988181,3
-1.0701476,0.867321,3
-0.662487,1.0320859,3
-1.1107323,0.86026853,3
-1.2732259,0.95371,3
-1.0693324,1.1908839,3
-0.71801984,0.8947427,3
-0.35643244,0.92654,3
-1.4145658,1.165317,3
-1.0832269,1.1331545,3
-1.1524731,1.1702417,3
-1.6796193,1.3920348,3
-0.9443346,1.4606203,3
-1.0071111,1.0754825,3
-1.2673029,1.0341948,3
-1.0543343,0.60413414,3
-0.94101864,0.8236471,3
-1.067016,1.4170771,3
-1.2524761,1.1673748,3
-1.2371012,0.7690484,3
-0.87455636,0.8221021,3
-1.4108272,1.053521,3
-0.8356786,0.50915515,3
-1.3976946,1.6607101,3
-0.75163144,1.1493939,3
-0.6887136,0.46436635,3
-1.3981204,1.2080503,3
-1.5401071,0.8420843,3
-1.248691,1.0311949,3
-0.9581004,0.85100305,3
-1.5858648,0.23824999,3
-0.9245807,0.822314,3
-1.087322,1.426706,3
-1.111641,1.5246124,3
-0.6406824,0.38375252,3
-0.9296183,1.576633,3
-0.5304084,1.3854142,3
-1.0024346,0.8663438,3
-0.9168695,1.0150052,3
-1.0577446,0.68402195,3
-0.90548575,0.6982552,3
-1.3375958,1.1360534,3
-1.11348,0.85145223,3
-1.3256062,0.86779445,3
-0.88344985,1.3298402,3
-0.53182876,1.1468084,3
-0.6272417,1.3631713,3
-1.333572,0.8832096,3
-0.8893528,0.7867187,3
-1.0067024,0.6895651,3
-1.249903,1.7877154,3
-1.1929468,1.5243568,3
-0.726709,1.0114765,3
-0.96242535,1.4356608,3
-1.0172505,0.8035365,3
-0.9470666,0.89755636,3
-0.8194569,0.85041136,3
-0.7202657,1.0488431,3
-0.7715917,1.3728937,3
-1.1813544,0.73203045,3
-1.0791256,0.6135254,3
-0.93160677,0.6462422,3
-0.7987307,0.5856207,3
-0.74071413,0.7690297,3
-1.3412753,0.82575697,3
-0.7266569,1.0330008,3
-1.643311,0.81278825,3
-0.8091004,1.067014,3
-1.1132927,1.173016,3
-0.7725601,0.8743514,3
-0.4732475,0.85750294,3
-0.8003315,1.2378938,3
-1.0352503,0.80947334,3
-1.4370332,0.7035225,3
-1.1479707,0.6860509,3
-0.8850126,1.2903237,3
-1.2026232,1.1208538,3
-0.79203135,0.52483296,3
-1.399697,0.9493634,3
-1.1682217,0.885703,3
-1.1286534,1.3994477,3
-1.5691804,0.57679904,3
-1.4106008,0.6219888,3
-1.06638,1.2404778,3
-0.8694129,0.67281216,3
-0.8069435,1.1629685,3
-1.4159057,1.0718948,3
-0.6132939,0.99583673,3
-1.4041973,1.1261017,3
-1.5957543,1.1000873,3
-1.4284866,0.910432,3
-1.1983044,1.6446167,3
-0.5926286,0.9379032,3
-1.0725036,0.6697387,3
-1.1119939,1.0674515,3
-0.68285275,0.6232054,3
-1.2106508,1.0852077,3
-1.2970798,1.364728,3
-0.9394156,0.64781547,3
-0.8704906,1.590509,3
-0.9790531,0.61842704,3
-0.80041003,0.7540908,3
-1.2961571,1.2670215,3
-1.2116202,1.018591,3
-0.5658701,1.0036376,3
-1.272153,1.0805833,3
-0.835437,0.8869855,3
-0.7371229,1.3101574,3
-1.1882045,0.9619133,3
-1.273257,0.95672035,3
-1.0493648,1.1654289,3
-1.006485,0.8150423,3
-0.55038697,1.3119872,3
-1.3264295,1.3948754,3
-0.5582397,1.1182997,3
-0.78433394,1.0486653,3
-1.2013394,1.1522592,3
-1.1116557,0.7812311,3
-1.237352,1.0067275,3
-0.94288814,0.84295326,3
-1.2708051,0.50551236,3
-0.83070683,0.93711394,3
-0.93981564,0.3569911,3
-1.0399806,0.9332797,3
-0.6224363,0.77413505,3
-1.5348102,0.98807484,3
-1.3306375,0.80720127,3
-0.9601318,1.0848608,3
-0.8401233,1.4253969,3
-0.6488987,0.88369143,3
-1.1654078,1.4676548,3
-0.81308633,0.8321776,3
-1.136742,0.8429837,3
-0.492645,0.48334748,3
-1.2177721,1.1771597,3
-0.8429848,1.5242169,3
-0.8411906,0.6480303,3
-1.0147462,0.87031597,3
-0.68982315,0.742545,3
-0.7871689,0.5982235,3
-1.2696532,0.618623,3
-1.1554159,1.5284948,3
-0.8698249,1.3077984,3
-1.579961,0.93644255,3
-0.5374447,0.8442449,3
-0.52170444,0.95556235,3
-1.0747141,1.2838752,3
-1.0120574,0.6137495,3
-0.45217013,0.7803145,3
-1.299982,1.5413089,3
-1.0895497,1.4201839,3
-1.0272801,0.6019632,3
-0.7293122,1.0452139,3
-0.9186939,0.8266663,3
-0.99951375,1.2329439,3
-1.0672816,0.97537327,3
-1.0413837,1.3243817,3
-1.0539789,0.7369026,3
-1.6877578,0.90864295,3
-1.1467055,0.46359074,3
-0.61242765,0.8223984,3
-0.923769,0.67906374,3
-1.0085427,1.0362716,3
-1.0498599,1.0668347,3
-1.4022914,0.83364177,3
-0.89912945,0.77031314,3
-0.7091212,0.98405564,3
-0.64915526,1.0443671,3
-1.2520297,0.92440116,3
-1.2515047,1.0647252,3
-1.331986,1.1761569,3
-1.5730907,1.1096426,3
-1.2815052,0.6605899,3
-1.1800473,1.164878,3
-1.1254983,1.0139682,3
-0.82245773,1.388432,3
-0.99426097,0.8325748,3
-0.7318768,0.86034644,3
-1.2066427,1.0592922,3
-0.70466053,0.8360244,3
-1.0497209,1.3333498,3
-0.9741488,1.283361,3
-0.5810275,1.6681329,3
-1.0725546,0.87313074,3
-0.76431304,0.88280725,3
-0.91283715,1.2577713,3
-1.4986852,1.099842,3
-1.1283809,0.99102175,3
-0.9697569,1.3710458,3
-1.2414099,1.22637,3
-1.3912197,0.83530915,3
-0.6756484,1.5177234,3
-1.0915593,1.2073587,3
-1.0468546,0.9011517,3
-0.85140336,0.5500474,3
-1.4776546,0.9133677,3
-1.2213374,0.76079017,3
-0.41648656,0.60980445,3
-0.9916611,0.9768983,3
-1.4614679,1.0508171,3
-1.5918709,0.9323229,3
-0.6752027,1.1150581,3
-1.4612947,1.085815,3
-0.87061876,1.025202,3
-0.8236264,0.61821204,3
-1.033887,1.0410438,3
-1.1195122,0.6507496,3
-1.051004,0.6554055,3
-1.1354632,1.2129608,3
-0.93627053,0.23030862,3
-1.6130189,0.8734066,3
-1.4722946,0.9036159,3
-1.7911074,0.9034217,3
-0.8935847,1.3874785,3
-1.1248387,1.0893079,3
-1.4923925,1.0583143,3
-0.78518134,1.3998019,3
-1.6033933,1.2341433,3
-0.9897796,1.7746059,3
-1.2778335,1.1380918,3
-1.1257937,0.6562538,3
-1.229805,0.9972204,3
-0.9840616,1.2328395,3
-1.0996889,1.1343108,3
-1.2036461,0.6851221,3
-1.0121919,1.2657515,3
-0.6912858,1.3260703,3
-1.5078305,1.1480777,3
-0.9097828,0.77455765,3
-0.8302745,0.78321075,3
-0.74383223,0.53844464,3
-1.1456659,1.4389429,3
-0.89616394,0.6711951,3
-1.4969398,0.9407714,3
-1.0572504,0.64598155,3
-0.4180996,1.2215005,3
-1.1952351,1.1006643,3
-0.35336608,0.33780885,3
-1.5075735,0.68837786,3
-1.2248718,1.5710558,3
-0.9624914,1.016311,3
-1.1000128,0.80807304,3
-0.6472432,0.8356938,3
-1.1913371,0.7843635,3
-1.4379603,0.91334856,3
-1.2334617,1.1313473,3
-1.1121521,0.6689226,3
-1.1819456,0.61071515,3
-0.7851711,1.0695606,3
-1.0519235,0.8486248,3
-1.0140996,0.74998003,3
-1.2716594,0.67648566,3
-1.0326649,0.43460107,3
-0.6687014,1.0403745,3
-0.7271212,0.9980727,3
-1.2294527,0.9427776,3
-0.47402474,0.7334912,3
-1.7528117,0.42819002,3
-1.494078,1.1718496,3
-1.1844149,1.2756546,3
-0.6968999,1.2237382,3
-0.91680014,0.66728115,3
-0.87454474,1.0985175,3
-1.3734086,0.97853285,3
-1.2435685,0.97683805,3
-0.95022935,1.3436573,3
-1.0136036,0.905694,3
-0.72743267,0.61091614,3
-1.2278414,1.0615641,3
-0.6122762,0.78839135,3
-1.0273066,1.1543046,3
-1.479229,0.815084,3
-0.5180781,0.9923954,3
-1.3027791,1.1651006,3
-0.9200209,1.0471414,3
-1.1867886,1.0772505,3
-1.0515821,0.955907,3
-1.4655709,0.6372461,3
-0.67791665,1.1502723,3
-1.3445189,1.3227168,3
-0.9231637,0.68570167,3
-1.6256323,1.2624191,3
-1.0709833,0.53627366,3
-0.9725034,0.9399687,3
-1.2353436,0.87359905,3
-0.66190714,0.66868705,3
-1.0168343,0.59501874,3
-0.6256606,0.2095553,3
-1.0476819,1.157249,3
-1.0449406,0.85176414,3
-0.70434767,1.5130812,3
-1.2345039,0.91066337,3
-1.0354452,0.817522,3
-0.7243734,1.0602206,3
-1.2918777,0.7346768,3
-0.6412536,0.67815673,3
-0.69397193,0.6848356,3
-1.1495105,0.93042105,3
-1.0367215,0.86714864,3
-0.79949695,1.3662592,3
-1.1863471,0.9165165,3
-1.3089206,1.0723615,3
-0.700741,0.73170674,3
-0.65988094,1.2611343,3
-0.3978762,1.4223427,3
-1.1880537,0.8517274,3
-0.19348866,0.7660676,3
-0.67543495,0.72710365,3
-0.8616937,0.992666,3
-0.87792736,0.65926975,3
-0.93113875,0.93672246,3
-0.86667794,0.6386844,3
-0.8708647,1.0128361,3
-0.5260044,0.23582204,3
-0.70554525,1.625335,3
-0.5047968,1.6968969,3
-0.6372696,0.7870622,3
-1.3176732,1.0609465,3
-0.7759523,1.2211365,3
-1.2502049,0.70479137,3
-0.9961528,1.5794419,3
-1.029798,0.7655591,3
-0.36589298,1.241682,3
-1.3131114,1.1779908,3
-1.2463802,1.0915978,3
-1.0568169,0.8671638,3
-0.8260166,1.048657,3
-0.6522379,1.2831379,3
-0.6226013,1.137442,3
-0.94424444,0.9477149,3
-1.1282034,1.355543,3
-1.3320397,0.81581455,3
-0.96234643,0.7700824,3
-0.9902336,0.88946974,3
-0.9743952,0.7583515,3
-0.5131576,1.640558,3
-0.7532237,1.3472341,3
-0.970733,0.86801547,3
-1.0557202,0.6632331,3
-1.1251836,1.1750325,3
-1.2476282,0.8811704,3
-1.2865263,1.0279837,3
-0.4883978,1.1769024,3
-1.2834945,1.4435301,3
-0.8123804,0.8095621,3
-1.1785945,0.9138457,3
-0.9886386,0.66481316,3
-0.8345506,1.0916246,3
-0.7078845,1.0967911,3
-1.1208036,1.1193402,3
-1.411879,0.04612879,3
-1.4052603,1.0742549,3
-0.3854648,0.7438858,3
-0.52359855,0.80039585,3
-0.97512794,1.2048879,3
-0.87186974,1.379879,3
-0.8569297,0.63229066,3
-0.9487275,1.023515,3
-0.47663197,1.3421092,3
-1.5251312,1.037535,3
-1.0418686,0.80269486,3
-1.0419285,0.4202963,3
-0.7985574,1.3339232,3
-1.3188039,1.2374132,3
-1.172804,1.438869,3
-0.4468748,1.1368104,3
-0.38512558,1.3865465,3
-0.98483825,0.89041376,3
-0.67854816,0.98735756,3
-1.4944098,1.3604274,3
-1.1346016,1.1393167,3
-0.72106916,1.2043524,3
-0.43876335,0.7434837,3
-1.1783831,1.2779105,3
-0.75637704,0.9603789,3
-0.6213037,1.7682928,3
-0.8963991,0.98839676,3
-1.600963,1.0725684,3
-0.84236413,1.3569465,3
-1.0472038,1.0232722,3
-1.0164084,0.6379215,3
-1.1330237,1.1050922,3
-0.8790263,0.7431144,3
-0.8270551,1.3535403,3
-1.5456539,1.328792,3
-1.3090404,1.013413,3
-0.91249454,0.8192946,3
-1.4523177,1.1317264,3
-1.1947119,1.2969759,3
-1.4143574,0.70678097,3
-1.5061986,0.73973066,3
-0.9381529,0.72198373,3
-0.96573186,0.39235836,3
-1.0619446,0.67156076,3
-1.104979,1.137343,3
-0.84791964,0.77126557,3
-1.0009623,0.93028295,3
-1.013,0.8701534,3
-0.8765586,1.3840246,3
-0.6937273,1.3904694,3
-0.7805329,1.2886761,3
-1.0254015,0.9008573,3
-0.7784029,1.032798,3
-0.88856393,0.8867772,3
-1.1941805,0.7609177,3
-0.97527796,1.0747824,3
-0.7307648,0.5045757,3
-1.0854962,1.5091966,3
-1.5142345,1.1223184,3
-1.2767632,1.1833769,3
-1.1784966,0.74911,3
-1.9333386,1.0899903,3
-1.554735,0.9011682,3
-1.0456722,1.9684887,3
-1.0961117,1.0059572,3
-0.9155522,1.5972522,3
-1.0465593,0.85460263,3
-0.9036909,1.164376,3
-0.99583435,1.3895392,3
-0.92226446,0.7645416,3
-1.568388,1.0347036,3
-1.4791645,1.3290513,3
-1.1251513,0.855079,3
-1.1663057,1.1321441,3
-1.025987,0.76319873,3
-0.92393464,0.4071348,3
-0.6508417,0.5935002,3
-1.0559989,0.7522371,3
-0.98679835,0.78888875,3
-0.9906978,0.6552417,3
-0.6533236,1.419833,3
-0.9027159,0.60523343,3
-0.5292928,0.36148554,3
-0.6904418,1.284574,3
-1.2956836,1.1332948,3
-0.7268548,0.8094508,3
-0.94242024,0.8421176,3
-0.6474225,0.9059691,3
-0.55996,1.3376855,3
-1.5632646,0.9423537,3
-1.044271,0.63053787,3
-1.2483252,1.4605722,3
-0.6774715,0.52668405,3
-0.62405986,0.86802727,3
-1.5236212,1.0080436,3
-0.8358088,0.5074808,3
-1.2439383,1.0453359,3
-1.3368956,0.68346447,3
-0.70449525,0.32528555,3
-0.65279853,0.65308297,3
-0.9552881,0.87576985,3
-1.4796091,0.8637302,3
-1.3384415,0.897345,3
-1.2388536,1.3459566,3
-1.1160196,1.2914283,3
-0.78761727,1.1885697,3
-0.8259498,0.8525273,3
-1.1981181,0.9249117,3
-0.8982628,1.1240184,3
-1.2669462,0.6118967,3
-1.1581998,1.8171523,3
-0.63233095,1.0780317,3
-0.6762561,1.4783884,3
-1.2610283,0.9674523,3
-0.8746761,0.78686863,3
-1.2931666,1.058198,3
-1.3159611,0.7836469,3
-0.6845773,0.42897984,3
-1.0484178,0.6923659,3
-0.9003706,1.0679079,3
-1.201293,1.1679201,3
-1.0339353,0.91769665,3
-0.7604943,1.3494943,3
-0.652195,0.7946891,3
-1.0909678,0.27463037,3
-1.0193477,0.8905158,3
-1.1461027,0.82956994,3
-0.9428802,0.74568886,3
-0.74062496,0.93506926,3
-0.77564543,1.193602,3
-0.9268683,1.2431309,3
-0.70124394,1.431606,3
-1.1772797,1.4111677,3
-0.98248255,0.8269135,3
-0.9305284,1.3673812,3
-0.6640355,1.3746444,3
-0.3256565,1.1286416,3
-0.8763433,1.221845,3
-1.0282011,1.0026269,3
-1.3088775,1.3352026,3
-1.0653381,0.85110945,3
-1.00823,1.2674338,3
-1.2909987,1.124429,3
-1.0031626,0.6829583,3
-0.909854,1.0741488,3
-1.0607493,0.84377605,3
-0.9803856,0.6172985,3
-1.0118098,1.013941,3
-0.843271,0.5890179,3
-1.0590047,1.2812319,3
-1.2558779,0.79329133,3
-1.158644,1.2396653,3
-1.0969768,0.53298324,3
-1.0987844,0.7518817,3
-1.571773,0.6293277,3
-1.2551335,1.2174835,3
-0.8287073,1.6686943,3
-0.7139175,1.0202059,3
-0.99192965,0.8291465,3
-0.9027467,0.73524904,3
-0.37097543,1.2667055,3
-0.91193026,0.5614231,3
-0.9439197,1.2810866,3
-1.2416211,1.0586385,3
-0.6794344,0.80241555,3
-1.2496508,0.82071817,3
-1.3474966,1.1893842,3
-1.2777672,1.213147,3
-1.237526,0.9316069,3
-1.134398,1.3844795,3
-0.5520142,0.65952855,3
-0.7859107,0.63598245,3
-1.8067403,1.2974375,3
-0.85647583,1.0097113,3
-1.3621756,0.4660888,3
-0.76646763,0.7915588,3
-1.6061943,1.4949327,3
-1.1776392,1.4323146,3
-1.3245299,1.2883401,3
-0.5707468,0.71460766,3
-0.53720284,1.0184863,3
-1.1262001,1.1100179,3
-1.3663708,0.94480795,3
-0.8420755,1.0021721,3
-0.10044799,1.0819175,3
-1.2692672,1.1186812,3
-1.2527205,0.8900113,3
-1.23022,1.4418198,3
-1.0977592,0.86858,3
-0.830009,1.3496047,3
-1.1847911,1.1364453,3
-0.89366215,1.5041773,3
-1.0369579,0.8610494,3
-1.2807949,1.4068356,3
-1.6943821,0.57733375,3
-1.3183388,1.295949,3
-0.7392164,1.2558056,3
-1.3893373,0.69936234,3
-1.5476116,1.1174376,3
-0.90019846,0.8986605,3
-0.8510863,1.347953,3
-1.3140825,1.506257,3
-1.1157155,1.4282835,3
-1.2578528,1.0676556,3
-1.0173657,1.6858673,3
-0.9733035,0.5020374,3
-0.6754351,1.2993113,3
-1.2640684,0.71114147,3
-1.1090201,1.2526398,3
-1.3089324,0.94954044,3
-1.0462943,0.9838707,3
-1.254211,1.1959666,3
-0.89719516,0.3169522,3
-0.7874475,1.2158492,3
-1.2175322,1.4614761,3
-0.65240204,1.1507467,3
-0.84981304,0.45315748,3
-1.0643792,0.36293873,3
-1.182388,1.213563,3
-0.68891436,0.77416,3
-0.8628841,0.8644795,3
-0.9207027,0.5728601,3
-1.5091035,1.1219745,3
-0.9744854,1.2525747,3
-1.436268,0.70407176,3
-1.1265016,1.0841167,3
-0.5662084,0.5555709,3
-0.7310086,0.94734204,3
-0.7604477,1.4505941,3
-0.92742467,0.58174825,3
-0.8922339,1.349041,3
-1.1942999,1.0325134,3
-1.2139347,0.9037745,3
-2.0655117,1.0220695,3
-0.8622181,1.0673434,3
-0.79687613,0.6359128,3
-0.6680581,0.9272589,3
-0.7564017,0.69198656,3
-0.80064195,0.5430394,3
-0.98783827,1.36277,3
-1.2621832,1.0378308,3
-0.53428674,1.1048214,3
-1.0328104,1.1295639,3
-1.4544004,0.7885181,3
-0.87042856,0.98735785,3
-0.5984225,1.0029498,3
-0.87774515,1.4715501,3
-1.1641753,1.1651769,3
-1.1307874,1.1015416,3
-1.040432,1.4747348,3
-0.9301244,0.79303414,3
-1.0942854,1.1980705,3
-1.0732012,1.6076223,3
-0.9534646,1.0173727,3
-1.2944398,0.26371711,3
-1.6376212,1.3851866,3
-0.88310814,1.1080737,3
-0.16902643,1.0581543,3
-1.0527593,1.1155134,3
-1.0315267,0.9506403,3
-0.68459904,1.5441914,3
-1.1806707,1.508132,3
-1.2168779,1.4852166,3
-0.61650884,0.8853353,3
-1.0959826,0.9931499,3
-1.2459332,0.62618464,3
-0.99149007,1.0611192,3
-0.5580254,1.5518751,3
-1.100235,0.6402162,3
-1.2326853,1.107418,3
-1.1643399,1.3517164,3
-1.0759829,0.94789726,3
-0.7008528,0.927446,3
-1.2556014,1.0336771,3
-0.7159161,0.8834118,3
-1.3681316,0.7751517,3
-1.0704981,0.6788685,3
-0.813458,0.98849493,3
-0.8592727,1.1862322,3
-0.80672187,1.2085118,3
-0.73145187,1.1715233,3
-0.84136575,0.987669,3
-0.8124894,1.1701192,3
-1.136872,1.1598445,3
-0.7911955,0.89749455,3
-1.0301529,0.76233834,3
-1.2183,0.7330539,3
-0.6484884,1.0461544,3
-1.1721354,1.1414847,3
-1.2013761,1.4450786,3
-0.92332673,1.333901,3
-1.0834852,0.71660614,3
-0.79871535,0.7239345,3
-1.1298897,1.0787156,3
-1.1455235,0.6214855,3
-0.5985336,1.3545958,3
-0.5145358,0.42187157,3
-0.8876421,1.0526638,3
-0.9737951,0.21669333,3
-0.9340085,0.9639048,3
-0.84397763,0.3897878,3
-0.7733658,0.9033425,3
-0.57698834,0.9692315,3
-0.50558466,0.99500996,3
-1.0936884,0.36811817,3
-0.79455876,1.2739198,3
-1.2584618,1.2663243,3
-0.7158166,1.086023,3
-1.2302108,0.9142661,3
-0.9737017,1.2194624,3
-1.0552537,0.9080545,3
-0.6521982,1.0380018,3
-1.2757741,0.8741218,3
-1.2379097,1.1583997,3
-1.3453056,0.99626356,3
-0.9808146,1.126321,3
-1.5235828,1.0503362,3
-1.0344701,0.8217556,3
-1.031073,0.6122137,3
-0.9281388,0.91608316,3
-0.79318166,0.80394256,3
-1.1726803,1.1036752,3
-0.7441071,1.1976788,3
-1.1735178,0.5701671,3
-0.72986144,1.3887504,3
-0.47805676,0.65408385,3
-1.0105382,0.9095506,3
-1.2643242,1.0893633,3
-1.1077368,0.8420204,3
-0.96150726,1.0230643,3
-1.0668789,1.1932447,3
-0.8541476,0.72168887,3
-1.1499796,0.5013374,3
-0.8024773,1.0002257,3
-1.1873659,1.005746,3
-0.9851157,0.9562987,3
-0.93053716,1.397378,3
-0.84186226,0.92567414,3
-1.0596035,1.0010682,3
-0.9808009,1.295547,3
-1.5089197,1.1695012,3
-1.1714427,0.79956234,3
-0.9770748,0.6917206,3
-1.0477827,1.420753,3
-0.43327433,0.30104846,3
-0.99100405,1.3652364,3
-0.97118384,1.3493056,3
-0.9526568,0.7862848,3
-1.3837774,1.4346695,3
-1.4620366,0.4680858,3
-1.24475,0.7181323,3
-0.9517853,1.0600752,3
-1.1822941,1.1439356,3
-0.70744604,0.36337894,3
-0.76388335,0.7882579,3
-0.80079395,1.4105206,3
-1.3559572,1.1061221,3
-0.7169165,1.2670257,3
-0.7619212,1.6168976,3
-0.84554803,1.1348373,3
-0.57050455,0.55058825,3
-1.3295703,0.61790055,3
-0.78829235,0.6354381,3
-0.69202393,0.8549712,3
-1.6914077,1.187865,3
-0.828008,0.62307405,3
-0.91331196,1.3913522,3
-0.705705,0.58098924,3
-1.1464435,0.7695019,3
-0.49663854,0.90938014,3
-1.0353476,0.86575687,3
-0.89819396,0.9088391,3
-0.7076291,1.1811143,3
-0.6478079,0.6721126,3
-1.0564593,1.0382502,3
-1.0106535,0.94131917,3
-0.94953555,0.9852603,3
-1.3401634,0.84956765,3
-1.6576642,0.95473087,3
-0.8484653,1.0790331,3
-1.2728095,1.0285153,3
-0.65377086,0.7158916,3
-1.2105703,1.7594423,3
-1.2082001,1.1806388,3
-0.496579,1.2534581,3
-1.304849,0.8427374,3
-0.7418638,0.94040513,3
-0.782172,1.4400026,3
-1.4633764,1.4148276,3
-0.9146137,0.90730107,3
-0.989582,0.7294822,3
-1.0378988,1.0414733,3
-0.910843,0.88469934,3
-1.1679739,0.82942975,3
-1.7872715,1.2386125,3
-0.9870311,1.4259965,3
-1.6970081,1.2427713,3
-1.0233337,1.2826673,3
-0.66765064,1.2162547,3
-1.2714125,1.0872691,3
-0.6378257,1.0017922,3
-1.3667288,0.6879369,3
-0.39033663,0.65769285,3
-0.43079033,1.144464,3
-1.4681901,1.2734243,3
-1.1726079,0.66189057,3
-1.2165917,0.78174573,3
-0.9704239,0.9787504,3
-0.7500216,0.4564985,3
-0.6208973,1.5138421,3
-0.92478794,0.9821183,3
-1.0001218,0.89087003,3
-1.1320801,0.7257864,3
-0.85677004,0.95193076,3
-0.82942146,1.2827482,3
-0.97675514,0.67266923,3
-1.1248266,0.61988306,3
-1.0676068,1.010688,3
-0.4638626,1.156087,3
-1.2969649,1.069264,3
-1.2150581,0.9876059,3
-0.8863877,0.60045224,3
-0.90992737,0.98058087,3
-1.0555297,1.185671,3
-0.85461175,0.7786699,3
-0.85937893,1.3754164,3
-1.143095,0.9684225,3
-1.4418634,1.3506062,3
-0.6984421,1.2809525,3
-0.5667941,0.7552196,3
-0.92793757,1.4666198,3
-1.0689981,0.99160963,3
-1.1953319,1.5154309,3
-0.63638914,0.87481177,3
-0.7971671,0.9292532,3
-0.7866008,0.6738088,3
-1.19013,0.46413606,3
-1.0181226,0.87777436,3
-1.5253457,0.46258858,3
-1.1029253,1.5318172,3
-0.303653,0.808834,3
-1.2697492,1.0667872,3
-0.90382797,0.60201746,3
-1.0441214,0.54278797,3
-1.2555978,0.8750431,3
-1.9873658,0.7729588,3
-0.8608079,0.6488947,3
-0.8016257,0.88154334,3
-0.9046208,0.91206425,3
-1.2995005,1.0068266,3
-0.80379707,1.010944,3
-1.2240098,0.6315907,3
-1.4342346,1.1164367,3
-1.0679295,1.1602118,3
-1.0143241,1.0745169,3
-1.1555389,1.1179118,3
-0.89475334,0.9033711,3
-0.86568403,1.3466547,3
-0.6193782,1.0731633,3
-1.085232,0.7359052,3
-0.83122027,0.63351816,3
-1.080784,1.2544084,3
-1.0654006,1.2116941,3
-1.1066421,1.5337229,3
-0.21917583,1.0128474,3
-0.5600483,1.0207753,3
-1.1396742,1.1805258,3
-0.73760754,1.1748834,3
-0.7604438,1.5637964,3
-1.3431662,1.6245486,3
-1.0172584,0.98388845,3
-0.67247677,1.1571192,3
-1.2539594,1.379131,3
-1.1348327,1.1752673,3
-1.0723958,0.953335,3
-1.4285401,0.8337442,3
-1.3795705,0.7408877,3
-0.7547398,0.87298906,3
-0.848754,0.39052016,3
-1.0121711,1.4086118,3
-0.5890352,0.55407083,3
-1.0955179,1.1757851,3
-0.7807916,1.514501,3
-1.155767,0.6966057,3
-0.8896268,1.0530239,3
-1.0166644,1.3250573,3
-1.4236691,1.1845052,3
-0.911202,0.95770764,3
-1.0013225,0.8969695,3
-0.8232869,1.3150314,3
-1.4946975,0.7687889,3
-0.78355145,0.8913016,3
-0.847344,1.1449627,3
-0.6408022,1.4424577,3
-0.9444215,0.60847265,3
-0.85052454,1.1212828,3
-1.2246903,0.96959907,3
-1.0685579,0.45126238,3
-0.90820384,1.226224,3
-1.1331773,0.41005296,3
-1.0716631,1.9207394,3
-0.71958005,0.81731343,3
-1.5715855,0.85674787,3
-0.95660645,1.6876047,3
-0.8789785,0.9508953,3
-0.5407162,1.0228537,3
-0.3962592,0.4300167,3
-0.9842266,0.8266284,3
-0.4980326,0.77139837,3
-1.1291519,1.5392811,3
-0.77223647,0.50064474,3
-1.039617,1.5259715,3
-1.1020905,0.89259374,3
-0.71639884,0.7891375,3
-0.81543165,0.76132774,3
-1.3620739,1.2609193,3
-0.9564802,1.1127816,3
-0.9651917,1.0397187,3
-1.1516062,1.7197872,3
-0.7014996,0.8315869,3
-0.8430086,1.3312551,3
-0.8916794,1.2566626,3
-0.84922814,0.7405655,3
-0.8889577,1.147516,3
-1.4267985,1.1924666,3
-1.0292081,1.0402027,3
-1.10117,1.0094506,3
-0.32986397,0.8614927,3
-0.9222035,1.0763566,3
-1.0938487,1.035785,3
-0.8951001,0.9664277,3
-1.2692757,1.0190858,3
-1.0720663,1.2498401,3
-0.9983848,0.889812,3
-0.74987733,-0.029794605,3
-0.6240833,0.74840695,3
-0.92560077,1.6269121,3
-0.90720934,1.1083509,3
-1.1841211,1.6882457,3
-1.0142772,0.89360344,3
-1.3260682,1.2946744,3
-1.2651759,1.607957,3
-1.4748857,0.42220455,3
-1.0731705,0.4385472,3
-1.1028173,0.9424165,3
-1.3360202,0.97137,3
-1.2292422,1.0004851,3
-1.0910397,1.1280468,3
-0.8811991,1.291844,3
-0.8282228,1.2568043,3
-1.4829646,0.5022024,3
-0.14453863,0.62693006,3
-1.2488073,1.1569097,3
-0.76995826,0.50169104,3
-0.8108831,0.3965074,3
-1.1911931,0.7534143,3
-1.3998724,0.5832748,3
-0.8019178,0.522911,3
-0.9907347,0.877069,3
-0.70686746,1.2785083,3
-0.8681492,0.99944067,3
-1.0896386,1.3808528,3
-1.5936694,0.6879421,3
-0.51623005,0.9603044,3
-0.9385029,0.6944777,3
-1.3960334,0.8698407,3
-1.004859,1.3165439,3
-0.93687767,1.1639354,3
-0.7611014,1.4788268,3
-1.0761079,0.9943782,3
-1.0801897,0.5256131,3
-0.6454949,1.3055745,3
-0.7031488,1.4072161,3
-1.0416771,1.8203375,3
-0.66405547,1.2618701,3
-1.2666643,1.0964622,3
-1.0576409,0.8904955,3
-0.81478226,1.1589547,3
-1.095291,1.5300792,3
-0.71477485,0.75966495,3
-0.95777804,0.87512416,3
-0.85000587,1.1529266,3
-0.96946406,1.1273855,3
-1.4841967,0.25615916,3
-0.6883561,0.8093768,3
-1.4779984,1.179804,3
-0.82032275,0.7706526,3
-1.3345783,0.91469777,3
-0.92733514,1.0232906,3
-0.8126764,1.0577527,3
-1.0258452,0.7095294,3
-1.0031013,1.3496406,3
-1.3973584,0.72059417,3
-0.9179884,1.081361,3
-0.8782907,1.1599243,3
-0.43165907,0.8165803,3
-1.2154424,1.4562457,3
-1.4776325,0.9622765,3
-0.9211758,1.1128143,3
-1.181155,0.8822535,3
-0.76730317,1.3712282,3
-0.56132954,0.8813463,3
-1.378834,1.3244591,3
-0.5481639,1.0545365,3
-0.5899319,1.3679279,3
-1.0401577,0.7689792,3
-1.142403,1.1476711,3
-0.81970185,0.9734871,3
-0.89402276,1.0031252,3
-0.95731884,0.6550487,3
-1.2144876,1.1977302,3
-0.76560056,0.92561185,3
0.73205703,-0.08271923,4
1.6465861,-0.7414256,4
0.5377138,-0.5022858,4
1.4061983,-0.81822693,4
1.2239882,-0.6372811,4
0.906075,-0.69792145,4
0.89789224,-0.6174053,4
0.76569265,-1.1209303,4
0.7063131,-0.9542344,4
1.2107106,-1.4306118,4
0.9591584,-0.5618613,4
1.3807778,-0.52317894,4
0.869537,-1.4499304,4
1.2828804,-1.6922194,4
0.9633,-0.4680804,4
0.9601762,-1.11377,4
0.62465376,-0.7512407,4
0.6809307,-1.7034211,4
1.5571533,-0.6286902,4
0.54702073,-0.8319538,4
1.2012762,-1.1946119,4
1.3226794,-1.0685704,4
0.6712606,-1.0356148,4
0.7527961,-0.90988404,4
0.7073437,-0.50274533,4
1.3802003,-1.1387532,4
0.5361928,-1.3923403,4
1.312785,-1.0503739,4
1.0437076,-1.3710318,4
1.1046402,-1.2157972,4
1.3119566,-0.80839914,4
0.92552006,-0.43584597,4
1.0787731,-1.6519845,4
0.6038946,-1.0464423,4
1.6389104,-0.24900834,4
0.68732196,-1.7110822,4
1.8828595,-0.5129701,4
2.20243,-0.8515899,4
0.71283937,-0.49634352,4
1.2011547,-0.8175761,4
0.5843914,-1.3142483,4
1.539596,-0.5987076,4
0.40012375,-1.7293139,4
1.360151,-0.17299023,4
1.5502658,-1.4336226,4
1.0416435,-1.1288177,4
0.8763952,-1.2813995,4
1.1779685,-1.4405664,4
1.2187133,-1.7133883,4
1.2548287,-1.1470541,4
1.3075641,-0.91750467,4
1.095628,-0.6084262,4
1.9021388,-1.488484,4
0.77389765,-0.7948914,4
1.1033227,-0.8937634,4
0.93476593,-1.3034341,4
0.6296121,-1.8251506,4
0.9006528,-1.5043789,4
0.5724588,-0.9436082,4
0.34582418,-1.1727397,4
1.0538836,-1.0269014,4
1.2136585,-1.5146358,4
1.3187888,-1.0883917,4
0.61692,-1.4212734,4
1.2203418,-0.9930892,4
0.8142086,-1.430294,4
1.2708955,-0.1809922,4
1.1373295,-0.7701103,4
0.98541594,-1.4755428,4
1.1371672,-1.412324,4
0.9725405,-1.1839606,4
1.5567161,-1.1911967,4
1.0907153,-0.5634036,4
0.818182,-1.0486876,4
-0.2387423,-1.649457,4
1.4666227,-1.1239661,4
1.1969874,-0.5264398,4
1.3953944,-1.0634214,4
0.5911878,-0.83518237,4
1.2600981,-0.4980901,4
1.1342105,-0.65078014,4
1.0755322,-1.6143782,4
0.32208788,-1.1563995,4
1.1664616,-0.9885812,4
0.67769164,-2.1554456,4
1.2071295,-0.87163776,4
1.2697285,-1.2244854,4
0.7829258,-0.91390336,4
1.3158498,-1.3940966,4
0.71614116,-0.9705259,4
1.1616936,-0.72282565,4
1.133983,-1.2376176,4
1.7487891,-0.9915659,4
1.7443302,-0.8124095,4
0.37865007,-1.1682416,4
1.3957716,-1.4611214,4
0.9277975,-0.87686336,4
0.46131626,-0.49677238,4
0.81020325,-0.37886903,4
0.71315056,-1.0307754,4
0.8413755,-1.9373925,4
1.2598435,-1.2504449,4
1.6089412,-1.4666649,4
0.16045901,-1.2939793,4
1.3140306,-0.6977706,4
0.48308653,-0.9181679,4
1.583123,-1.1023368,4
1.8664218,-0.8498639,4
0.7710083,-1.4026359,4
0.52300483,-0.94319874,4
0.9312262,-0.58203596,4
0.5115895,-0.6683868,4
1.3603408,-0.78593224,4
1.0937248,-1.1342094,4
1.1881467,-1.1751626,4
1.0194696,-0.68554413,4
1.2820247,-0.7582364,4
1.3594126,-1.1335763,4
2.1285455,0.22909097,4
1.0626043,-0.8285447,4
0.41405255,-1.3240435,4
0.3719353,-1.2203246,4
1.0735508,-1.4346931,4
0.9937164,-1.2942662,4
0.70209384,-1.2506561,4
1.4025549,-1.693958,4
1.2239166,-1.276517,4
0.3030208,-1.0260645,4
0.98511386,-1.169084,4
0.83893716,-1.0312994,4
1.104635,-0.98240227,4
1.6603868,-0.9708352,4
0.6669071,-1.3713365,4
0.89084107,-0.24708447,4
0.473625,-0.89567566,4
1.7549123,-0.77005786,4
1.40172,-0.6259645,4
0.4165765,-0.64277136,4
1.4126928,-1.3495809,4
1.284061,-1.3327731,4
1.1019251,-1.8862056,4
1.2185086,-1.0729796,4
1.1971776,-0.741708,4
1.1318349,-0.4438131,4
0.8996452,-1.4370674,4
1.7368147,-0.48953706,4
1.2282355,-0.98058283,4
1.2606015,-0.621874,4
1.249396,-1.1423272,4
0.61176914,-1.0599331,4
0.052561745,-1.235765,4
1.0097059,-0.87882704,4
0.8185235,-1.2729142,4
0.9917639,-0.6810254,4
1.3385931,-0.53297186,4
0.7435648,-0.16231196,4
0.6429228,-0.9291888,4
0.9238316,-1.1494334,4
1.370775,-1.1688513,4
1.3293778,-0.9176882,4
1.3166317,-0.3015347,4
1.5538179,-1.4609125,4
1.0552295,-0.64978606,4
1.0800399,-1.6304343,4
1.297976,-0.63379383,4
1.4945232,-1.540815,4
0.6184816,-0.62707543,4
0.83524984,-1.2775414,4
1.4683074,-1.1224318,4
0.48397002,-0.8681908,4
1.2235781,-1.6530994,4
1.8178122,-1.0470146,4
1.238656,-1.5424333,4
0.37155494,-1.033267,4
1.0221331,-1.6191263,4
1.2117683,-1.2453017,4
1.0077409,-1.9995278,4
0.67558074,-0.9498208,4
1.6884334,-0.91877633,4
1.0278,-0.76278245,4
0.74613655,-0.5120522,4
0.20855282,-1.261943,4
0.5877661,-0.47344536,4
1.5770516,-0.7804152,4
0.9356924,-1.0684483,4
1.0879635,-0.39665452,4
0.7584194,-0.69276136,4
0.7323148,-1.3762525,4
0.5753865,-1.3874733,4
1.1153411,-1.6584997,4
1.2973263,-1.2858825,4
0.8800964,-0.73792845,4
1.139494,-1.0599996,4
1.3981802,-1.020484,4
1.0646204,-1.3306787,4
0.57782173,-1.2052525,4
1.4758362,-0.6948123,4
1.2563168,-0.351738,4
0.8278902,-0.9796292,4
1.0086973,-0.9814974,4
0.63691753,-0.53112996,4
1.5365096,-0.85243076,4
0.6541247,-0.9849064,4
0.7847686,-1.4962796,4
0.8365098,-1.8502876,4
1.1193442,-1.2169131,4
0.88643783,-0.4446977,4
1.5983047,-1.2407522,4
1.0693907,-0.6711125,4
1.369806,-0.95041114,4
0.9302531,-0.96769977,4
1.1012095,-0.67210233,4
0.9761891,-1.1890464,4
0.75429964,-0.64122766,4
0.89650464,-0.7255018,4
0.273681,-1.3082668,4
1.2651112,-0.8618248,4
1.2847092,-1.5387902,4
1.2776035,-1.4988077,4
1.0999472,-0.86897355,4
1.1854978,-0.95118785,4
0.56588024,-0.9134179,4
0.831598,-0.83480144,4
0.86538744,-0.5931627,4
0.7001792,-0.9294702,4
0.5953447,-0.82473177,4
2.005266,-1.1962813,4
1.5646607,-0.8733153,4
1.086327,-0.14734684,4
1.3997216,-0.6274281,4
1.2165954,-1.527347,4
0.40995985,-1.5463185,4
0.7486294,-0.94256395,4
0.8916548,-0.5866189,4
1.4379681,-1.4103062,4
1.3807638,-0.8773031,4
1.022257,-1.0382318,4
0.9874315,-1.491277,4
0.98970854,-1.026881,4
2.0573866,-0.9617966,4
0.927795,-0.7433974,4
0.9129816,-0.4001274,4
0.8067158,-0.39664263,4
1.3009261,-0.13727258,4
1.2747134,-1.3525189,4
0.9924628,-0.852237,4
1.1958394,-0.86835426,4
0.70562416,-2.2666416,4
0.6737798,-0.9982048,4
1.7688347,-1.123716,4
0.8993939,-1.7646115,4
0.75335675,-1.4582398,4
1.2921143,-1.217228,4
1.4975207,-1.434252,4
1.2802155,-0.23730469,4
1.3567375,-0.70485735,4
1.236115,-1.4047321,4
1.4367151,-0.8189975,4
1.9487771,-1.4553857,4
0.7271261,-0.91616166,4
1.0955386,-0.995229,4
1.409268,-0.67086023,4
0.8361094,-0.7946441,4
1.6062886,-0.8720919,4
0.7196882,-0.43147123,4
1.4946122,-1.1110092,4
-0.14175135,-1.3195951,4
0.8773644,-1.0050849,4
1.4881492,-0.5089604,4
0.7526907,0.02666895,4
0.78642946,-0.6492732,4
1.0349096,-1.2023294,4
0.9118118,-1.0912045,4
0.9101257,-0.41676572,4
0.75754267,-1.587206,4
0.5202399,-1.9148251,4
1.5649712,-1.1845337,4
0.8555574,-0.7131187,4
0.99059445,-1.3687266,4
0.8557487,-0.9397092,4
1.0103554,-0.02913905,4
1.0489222,-0.29654124,4
1.5513786,-1.7013897,4
0.8247963,-0.73888594,4
0.76914555,-0.34960827,4
1.1407844,-0.30112123,4
1.3055123,-1.1751362,4
0.71046,-0.67647904,4
0.82386994,-1.2478348,4
0.6274722,-0.68128705,4
1.0097916,-1.0693165,4
1.0841378,-0.75690895,4
0.5383129,-0.55554014,4
1.2408513,-1.0955818,4
0.5333841,-0.889181,4
1.3335601,-1.3948475,4
1.1873287,-0.97811687,4
1.2409388,-1.5064046,4
1.1501298,-0.38986483,4
0.8956323,-0.72772235,4
1.3424376,-1.5339863,4
0.5406973,-0.6884956,4
1.4101745,-1.343692,4
1.1976843,-1.1798742,4
1.6961782,-1.4386773,4
0.6888661,-0.46837854,4
0.99485266,-0.3473097,4
1.1374245,-1.2659347,4
1.6873509,-1.1503009,4
0.8192118,-1.3476363,4
1.6839178,-0.70280516,4
0.7215441,-1.0993918,4
1.0571191,-0.46082252,4
0.88826925,-0.8305663,4
1.4494174,-1.017156,4
1.2526418,-1.6442624,4
0.96998405,-0.6670756,4
0.8650352,-1.1530539,4
1.4190087,-1.1698742,4
0.88232195,-1.1789945,4
0.68843067,-0.3772331,4
0.15383835,-0.5231324,4
0.8053934,-1.2018106,4
1.3266375,-0.86037743,4
1.9361062,-1.6813831,4
1.2167633,-1.7308314,4
0.33431545,-1.1879643,4
0.4888329,-1.4649364,4
1.2378768,-0.7348305,4
1.7858273,-1.0221275,4
0.7782472,-1.0429426,4
0.6955021,-1.1136606,4
1.3836077,-0.5798398,4
1.1892811,-0.26655456,4
0.26177686,-0.7766952,4
1.6112744,-1.7176745,4
1.202532,-1.1037319,4
1.0578394,-0.51288074,4
0.710841,-0.66383815,4
0.32406488,-0.36133564,4
0.59191906,-1.2054559,4
0.8973856,-0.6255636,4
0.9746836,-0.8494918,4
1.1301808,-1.1265743,4
1.1663429,-1.6334064,4
0.94254273,-1.3622336,4
1.5552979,-1.2046163,4
1.9837433,-1.4227583,4
1.347535,-0.9334738,4
0.4233091,-1.41285,4
1.7145976,-0.7665152,4
0.6185052,-0.97940814,4
1.1934143,-0.38989505,4
0.62104374,-1.2385942,4
0.82427347,-0.40081385,4
0.5821318,-1.4956337,4
1.2433985,-0.62089425,4
1.1483535,-0.5828998,4
0.5753533,-0.83477473,4
0.71857065,-1.9660175,4
1.119168,-1.3851848,4
1.2721294,-0.49605936,4
1.9847106,-1.1817561,4
0.88579696,-1.1890495,4
0.6756969,-0.42045927,4
1.2046837,-1.0908643,4
0.664585,-1.1278418,4
0.66548294,-0.9685012,4
1.5486492,-1.1947857,4
1.2624803,-0.2091639,4
0.50717425,-1.4829934,4
1.0243212,-0.40971792,4
1.0038604,-0.43631184,4
1.0457317,-1.2901322,4
0.67606705,-1.108492,4
0.69593555,-0.6847566,4
0.64855945,-1.1683079,4
0.9777675,-0.82852376,4
0.8375923,-1.3569976,4
1.3526437,-0.044167746,4
1.3383888,-1.0783513,4
1.0731485,-1.0292023,4
0.76392263,-0.6760453,4
1.0821087,-1.105676,4
1.3731349,-1.1643196,4
0.8884514,-1.7554643,4
0.77499425,-0.96195894,4
1.0924124,-0.9045012,4
1.4601213,-1.7807776,4
1.1304584,-1.2577437,4
1.3076144,-1.6968608,4
0.6290474,-0.304199,4
1.6197467,-1.3460912,4
1.4894713,-0.5396663,4
1.2071176,-1.7998072,4
1.3127307,-1.0122348,4
1.1947702,-0.3785442,4
0.7843876,-1.0429932,4
0.96249783,-0.42533082,4
1.0225703,-0.963106,4
1.3003979,-0.6016193,4
0.94193625,-0.47251785,4
0.49574742,-0.83665216,4
0.9518749,-0.47399217,4
0.78923357,-1.4066242,4
1.3731523,-1.1975573,4
1.518687,-0.6937563,4
1.563674,-1.2475854,4
1.6851628,-1.176181,4
0.8638766,-1.2265564,4
1.1015081,-1.2644328,4
1.0022812,-1.1459038,4
0.38976026,-0.38196465,4
0.99119574,-1.1854173,4
1.0506837,-0.6607668,4
1.2796502,-1.3029728,4
0.5810752,-0.70586085,4
0.96962976,-1.1661482,4
0.7367753,-0.7706369,4
-0.18906857,-0.46681595,4
0.9568753,-1.538024,4
1.3173527,-0.19013584,4
1.0216525,-1.6411669,4
0.50155145,-0.96735275,4
0.9978335,-0.5616957,4
0.8562108,-1.1825236,4
1.2950753,-1.0468361,4
0.49672896,-1.0786514,4
0.5875336,-0.8110328,4
1.2668589,-0.5609094,4
1.2130485,-1.259314,4
0.31475857,-0.87340426,4
1.869391,-1.4680752,4
1.0676454,-0.7076189,4
0.9462168,-1.0145137,4
0.9672593,-1.2644662,4
0.98516774,-1.4837477,4
0.8974196,-0.3517707,4
1.2907358,-1.6256876,4
0.9415895,-1.2514706,4
1.2406133,-0.7923691,4
0.6396171,-1.0565385,4
1.079244,-1.156354,4
0.6785769,-0.6730864,4
0.21681494,-0.9305405,4
1.4277096,-1.341663,4
1.3165053,-1.5403414,4
1.100851,-0.50406367,4
1.1942713,-1.0484915,4
0.9301717,-0.4591298,4
1.011213,-1.0434126,4
0.72013557,-1.1422309,4
1.0975214,-0.95544887,4
0.8714616,-0.9997977,4
0.9825567,-0.99116063,4
1.1358284,-1.5083541,4
0.9247473,-0.84842014,4
1.0515542,-1.0672854,4
0.4614867,-0.851129,4
1.5579716,-1.7261283,4
0.79213727,-0.481311,4
1.312152,-1.0537771,4
1.2143354,-0.62071085,4
0.8189217,-1.6477611,4
0.789998,-0.407222,4
0.9254729,-0.68795896,4
1.2206929,-0.7680543,4
0.744253,-1.2843723,4
0.9844088,-0.5827114,4
0.07182858,-1.1663771,4
0.291306,-1.1008518,4
0.0058807223,-1.2867178,4
0.99801266,-0.767569,4
1.1714164,-0.5913812,4
1.255245,-1.0845023,4
1.2267476,-1.2883607,4
0.8500434,-0.7523667,4
1.0797827,-0.8878047,4
0.89177996,-0.3099501,4
1.2007396,-1.2915535,4
0.4674802,-0.7796622,4
0.6603061,-0.87408936,4
0.9275234,-1.2676508,4
0.85126036,-1.1969625,4
1.6243879,-0.24725768,4
1.048582,-1.531732,4
0.62883174,-1.5269308,4
0.88988286,-0.76021004,4
1.3666328,-0.95821023,4
1.1113511,-1.3716935,4
0.80651915,-0.88077676,4
0.35626,-1.1546416,4
1.0276307,-1.5925426,4
1.3605249,-1.107444,4
0.9830357,-0.4496372,4
1.0526925,-1.5411167,4
0.94223094,-1.8200248,4
0.82223296,-0.82312495,4
0.9545638,-1.3652731,4
1.4328108,-0.8826823,4
0.8944903,-1.432495,4
0.5649274,-0.9611084,4
0.8591651,-0.69430166,4
1.1586295,-1.3873131,4
0.86016136,-1.191777,4
1.1317081,-0.80363166,4
1.1322994,-1.1731867,4
0.32409573,-1.1825817,4
1.1470474,-1.4503927,4
0.59906733,-1.1433582,4
0.6578115,-0.86786854,4
1.0644565,-0.3644149,4
0.7872442,-1.3485446,4
0.8898388,-1.1126996,4
1.1794916,-0.1454778,4
1.1727225,-0.7240595,4
0.22586766,-1.3000002,4
0.97383904,-1.09981,4
1.4803938,-0.91613454,4
1.6638395,-0.51651144,4
0.5443976,-1.0985748,4
0.64845437,-1.0255611,4
1.1317492,-0.94789684,4
0.63518083,-0.017774826,4
1.3892168,-1.3170319,4
0.7319266,-0.7095096,4
0.5408141,-0.022598188,4
0.5318472,-0.44322717,4
0.9164769,-1.2074022,4
0.8470139,-1.4105465,4
0.6723882,-0.83761764,4
0.42392167,-1.1616977,4
0.9273942,-0.6296582,4
0.74788773,-0.19046316,4
1.1454837,-0.13816245,4
1.2854298,-1.1485156,4
1.5708355,-1.0429018,4
0.40801793,-1.1442355,4
1.1543608,-1.4654368,4
0.99423915,-1.2025334,4
0.5472934,-1.1829842,4
0.92353916,-0.8475415,4
0.4161738,-0.25739986,4
0.57869583,-0.5426033,4
0.83994776,-1.2836565,4
1.2925355,-1.7253882,4
0.8508092,-0.96605015,4
1.7645833,0.12786461,4
0.996841,-0.62412745,4
1.1166606,-1.2723707,4
0.6250616,-0.98716706,4
1.0912439,-0.55903834,4
1.0515841,-0.94738203,4
1.0244968,-0.6002846,4
0.5576389,-1.568811,4
1.4591095,-1.3480161,4
1.1403346,-1.335495,4
0.5050018,-1.191692,4
0.9271263,-1.2049358,4
1.0009602,-0.3553706,4
1.3520963,-1.3387563,4
1.8072594,-0.6163652,4
1.5364782,-1.8709724,4
1.4590129,-1.3258878,4
0.34034148,-0.7833414,4
0.80025893,-0.6724007,4
0.8753009,-1.3888551,4
0.2941729,-0.6458684,4
1.1100658,-1.7038653,4
1.1293036,-1.321552,4
0.77304286,-1.008236,4
1.0355568,-0.3892092,4
1.5679299,-0.83559155,4
1.2650694,-1.2348557,4
0.9636865,-0.062008027,4
0.888208,-1.8272502,4
0.6341362,-0.8044054,4
0.50849354,-1.1750563,4
0.7662176,-0.47875062,4
1.3706858,-0.9701698,4
0.22265741,-0.53050274,4
0.39668748,-0.9505078,4
1.3815949,-0.90688175,4
1.3808641,-0.7903878,4
1.4585402,-0.91934055,4
-0.29730842,-1.0639346,4
1.2182982,-0.74322206,4
0.4569825,-0.66388506,4
1.826587,-1.7337223,4
1.1496919,-0.94768167,4
1.2821002,-0.6298231,4
1.3707523,-0.91352034,4
2.0014799,-1.058015,4
1.216752,-0.59634805,4
0.6418812,-1.4107414,4
1.5701245,-0.44844237,4
1.660222,-1.1044592,4
0.90467745,-0.93110764,4
0.6264854,-0.8578307,4
0.595499,-0.52724445,4
0.7406774,-0.63477486,4
0.67771304,-0.6065517,4
1.292359,-0.8383089,4
0.8216954,-1.8151195,4
1.6900681,-0.946815,4
0.6832325,-0.822225,4
0.7702135,-1.4818002,4
1.2465456,-0.43413162,4
0.85311717,0.030481758,4
1.36434,-1.4508232,4
1.3580769,-0.2773887,4
1.0223308,-1.3851978,4
1.0677816,-0.93558824,4
0.8950516,-0.39727446,4
0.9959051,-0.8415082,4
1.237988,-0.83084244,4
1.0517795,-0.27081564,4
1.0313733,-1.1270641,4
1.1337588,-1.3975557,4
0.015352699,-1.711494,4
0.8286714,-1.5276451,4
0.8923992,-1.5608301,4
0.8066518,-1.2624189,4
0.16968389,-0.82240856,4
0.75404817,-1.0717041,4
1.1328444,-0.02662063,4
0.46725312,-0.79177827,4
0.47612903,-1.530113,4
1.3378849,-0.64605635,4
1.155828,-0.7836294,4
1.0749704,-1.3778692,4
0.95081437,-0.7075444,4
0.27662495,-0.6690727,4
1.2700841,-0.87734765,4
0.6961371,-1.5245405,4
0.57692254,-0.21674205,4
0.8161661,-1.0760028,4
1.2315989,-1.2247394,4
1.4639243,-0.878751,4
1.6611413,-1.3091063,4
0.92211145,-1.5388923,4
1.3419237,-0.6193095,4
1.3566711,-1.4006244,4
0.70985585,-0.11328797,4
1.0151495,-0.58944595,4
0.68408465,-1.2525779,4
0.78621906,-0.55027944,4
0.8645256,-1.5090431,4
0.9331362,-0.7999267,4
1.2538246,-0.800966,4
1.8007952,-0.8972656,4
0.9593362,-1.2545491,4
1.084759,-1.2100719,4
0.5868663,-1.6463618,4
1.0615709,-0.28135312,4
0.82544315,-1.3311758,4
1.180971,0.18740524,4
1.0268202,-0.21758588,4
0.41996366,-0.688991,4
0.44811034,-1.2754022,4
1.5850565,-1.0844295,4
0.5161969,-0.9656636,4
0.36923033,-1.3861376,4
0.7036253,-0.7141637,4
1.1627789,-1.2894071,4
1.3490138,-1.0839753,4
1.0680362,-1.1964257,4
1.0485276,-1.078096,4
1.3565643,-1.3360754,4
0.4208852,-0.50070745,4
1.0765833,-1.1018176,4
0.8207981,-0.95731336,4
0.8366771,-0.9718622,4
0.7000906,-0.66996914,4
1.0275507,-0.84808123,4
0.7833135,-0.7855552,4
1.2071873,-1.4898634,4
0.87687343,-0.84080094,4
0.41688645,-1.3786035,4
0.53919595,-0.755338,4
0.73649704,-0.5317664,4
1.3839655,-1.0753456,4
0.65144444,-0.91820467,4
0.6995052,-0.49741593,4
0.87398815,-1.1130558,4
1.0558147,-0.5782125,4
1.3293505,-1.2251623,4
1.5832742,-1.0856547,4
1.2425877,-1.0254108,4
1.291807,-0.79221714,4
1.2282014,-1.6494851,4
1.0344651,-0.36471236,4
0.7877147,-1.472242,4
0.8327136,-1.063455,4
0.7952817,-0.40028355,4
1.3506229,-1.4433467,4
1.0288966,-1.0295817,4
0.5084006,-1.0576133,4
0.73553604,-0.88297206,4
0.6141877,-0.9840255,4
1.7496213,-0.98184276,4
1.2839596,-1.1093098,4
1.0764685,-0.8409543,4
1.6254076,-0.51748544,4
1.0204636,-1.1620322,4
1.4773175,-0.51730347,4
0.93467927,-1.0158838,4
0.6639181,-0.527204,4
1.222162,-0.68443555,4
0.8995024,-1.2513514,4
0.60027885,-0.37288913,4
0.40265915,-0.8943799,4
1.5948234,-1.4435934,4
0.39319494,-0.08814609,4
1.2722578,-1.3791999,4
0.23530956,-1.0604612,4
1.8272158,-1.3852471,4
1.310056,-0.9939323,4
0.9080886,-1.0543975,4
0.53231454,-0.9893302,4
0.37480992,-0.13808534,4
1.2601442,-0.7344028,4
0.9367511,-0.7199294,4
0.9706094,-0.7429458,4
0.97214377,-0.729785,4
1.0134331,-1.0642186,4
1.2395315,-0.2298884,4
0.5296061,-0.36000636,4
1.7721432,-1.2720543,4
1.2502905,-1.0211372,4
0.71643245,-1.1219476,4
1.3246938,-0.6814689,4
1.0379648,-0.9616337,4
0.6625567,-0.56157464,4
0.77826744,-1.1723051,4
1.1082119,-1.5198084,4
1.7411355,-1.3594129,4
0.9745677,-0.9518641,4
1.5294906,-0.66129565,4
1.1233181,-0.84503907,4
1.5138948,-1.4105133,4
1.3339716,-1.115678,4
0.3367888,-0.97370166,4
0.95221907,-0.721952,4
0.68493545,-1.8334066,4
0.8686807,-0.96767014,4
1.16139,-0.84099084,4
1.5398306,-0.29503113,4
1.0571766,-2.1148283,4
1.0112875,-1.1925912,4
0.89628005,-1.6707366,4
1.0480809,-0.5636328,4
0.4952987,-0.9422497,4
0.989701,-1.2985429,4
1.0571568,-1.0241723,4
0.7201274,-1.0535083,4
1.086561,-1.5114197,4
1.4328552,-1.1777197,4
1.070343,-1.2004316,4
1.1650277,-1.2635282,4
0.54777664,-0.24083129,4
0.9020575,-0.72865677,4
0.97880864,-1.3612089,4
0.60301346,-0.8177261,4
1.2206326,-1.1330858,4
0.8956847,-0.41188693,4
1.5452017,-1.011295,4
1.2629282,-1.0647161,4
0.82013357,-1.0814891,4
0.88784564,-0.84495616,4
1.0251476,-0.9247869,4
0.13896129,-1.2273624,4
0.8350222,-1.9259465,4
1.6305386,-1.7046791,4
1.1874734,-0.9471273,4
0.84372467,-0.6513738,4
0.6978807,-1.3248178,4
0.9212059,-0.5422529,4
0.7340615,-1.7454416,4
1.2335985,-0.64987105,4
0.24449639,-1.2266098,4
0.47761396,-0.82772523,4
1.339932,-1.6819532,4
0.8901121,-0.8176672,4
1.4429042,-0.46617454,4
1.0446796,-1.1491513,4
1.1683854,-1.0969445,4
0.9672851,-1.1832434,4
1.396931,-1.3039463,4
1.3770744,-0.47725824,4
1.8935051,-0.3046615,4
0.7919392,-0.67188674,4
0.94357437,-1.5005612,4
0.93427306,-0.41928875,4
0.62126446,-1.528046,4
0.4635043,-0.80556005,4
0.9230319,-0.5498118,4
0.91941553,-0.3731409,4
1.0152661,-1.50852,4
1.1258981,-1.0799214,4
0.96652484,-1.2193793,4
0.42135382,-1.227858,4
0.91798854,-1.2253463,4
0.98121345,-0.96684915,4
1.723327,-1.1281078,4
1.0027359,-1.1770312,4
1.2380534,-1.3907793,4
0.61600506,-0.81726766,4
0.7805482,-1.0238599,4
1.5178047,-1.2703549,4
0.558164,-0.7118293,4
1.5973054,-2.0283468,4
0.79138994,-1.0384136,4
0.6257003,-0.91556376,4
1.3674862,-0.7551996,4
1.5794492,-0.9418266,4
0.67033434,-1.2432169,4
0.57582766,-0.1441794,4
0.8403801,-0.378939,4
1.1407281,-0.71286917,4
1.4303635,-0.9036746,4
0.94962364,-0.9803894,4
1.1885707,-1.0630575,4
1.2840054,0.019352373,4
0.9332021,-1.0108391,4
0.781161,-0.5334156,4
0.44855618,-1.25809,4
1.2101303,-1.0822387,4
1.9245764,-0.87064636,4
1.0372164,-0.561748,4
1.3273638,-1.6211307,4
0.8467763,-0.95492107,4
0.85107046,-0.6042404,4
1.0844473,-0.6317501,4
1.1100638,-1.114361,4
0.5330928,-1.1311506,4
0.28358728,-0.16897565,4
1.3446279,-0.8474268,4
0.42218664,-1.2835786,4
1.2677791,-0.9668571,4
1.0202348,-1.2846054,4
1.3424442,-1.0405276,4
1.3637812,-1.221182,4
0.54887104,-0.5740782,4
0.78274965,-1.1056824,4
0.5791482,-0.67759854,4
1.0483949,-1.1821324,4
1.0449415,-1.0014194,4
0.9837057,-0.7481957,4
0.90059996,-0.85834455,4
1.308907,-0.8444804,4
1.1894962,-1.2763797,4
0.9489151,-1.3147616,4
1.3334364,-1.0009208,4
0.6409663,-0.82937086,4
0.9282234,-1.4366148,4
1.8928013,-1.560279,4
1.4772449,-0.90904564,4
1.5316532,-1.2320551,4
0.58997893,-1.1858364,4
1.3929944,-0.24514504,4
0.93550164,-1.33729,4
0.44506514,-1.2733157,4
0.6284999,-0.67970514,4
1.5043532,-1.3422521,4
1.5068552,-1.3101132,4
1.0116563,-0.8210413,4
0.9632948,-1.3749402,4
1.5894139,-0.8639293,4
1.3147918,-0.32894602,4
0.9651238,-0.6504483,4
1.7412735,-0.8138933,4
0.67104256,-1.3212135,4
0.99634844,-1.8338574,4
0.7526534,-0.98789454,4
1.4208761,-0.9737495,4
1.3536766,-1.0075966,4
0.9974728,-1.3793336,4
0.32904702,-0.9034871,4
1.5502381,-0.889707,4
0.9033489,-0.6699377,4
1.6650004,-0.8719044,4
1.1814319,-1.1257001,4
2.3914368,-1.2928529,4
1.2113969,-0.81203765,4
1.1635587,-0.27696827,4
1.0474222,-0.86092865,4
0.8178453,-0.56995535,4
1.084193,-0.8593191,4
1.4785807,-1.6799623,4
1.3920892,-1.4182639,4
0.6300977,-0.8114722,4
1.1509354,-1.3458732,4
0.9783164,-0.59530544,4
0.67132807,-1.1809975,4
1.1777897,-1.1669476,4
1.0922781,-0.6216504,4
0.720896,-1.1386214,4
1.3319995,-0.55152506,4
1.7046468,-1.7748677,4
1.3385911,-1.1789926,4
1.3176945,-0.9169927,4
1.1539872,-1.0962965,4
0.45336637,-1.2793301,4
0.8688899,-0.49308318,4
0.78714687,-1.3552951,4
0.6088905,-0.92544276,4
1.0608522,-0.99822867,4
0.83791095,-1.1004728,4
1.2762281,-1.7173591,4
1.0534296,-1.3559461,4
1.2764941,-0.39380145,4
0.7429246,-0.6699132,4
0.7156647,-1.2153736,4
0.38519302,-0.73420185,4
0.9024262,0.22637962,4
0.8016519,-0.7297236,4
1.1023381,-1.122696,4
0.82458246,-1.5073788,4
1.8130776,-0.31478623,4
0.65529275,-1.6713319,4
1.4067544,-0.8365601,4
0.93599373,-0.69861764,4
1.4618846,-0.5094052,4
0.75314057,-0.55713683,4
0.911083,-0.8374725,4
1.2136934,-0.9046742,4
1.6829602,-0.5234966,4
0.28908733,-1.6560161,4
0.77622145,-0.6133562,4
1.6821563,-0.4434924,4
0.8562142,0.10255258,4
0.64246374,-0.92829263,4
0.6145243,-0.4766176,4
1.2799572,-0.42867208,4
1.5364233,-1.3855017,4
0.91242033,-0.8793062,4
0.64395744,-1.0476803,4
0.25830567,-0.44443876,4
1.6211773,-1.019863,4
1.1710156,-1.5445696,4
1.9900398,-1.6511576,4
1.1471837,-0.57603836,4
0.8407543,-0.9496681,4
1.385563,-0.9874057,4
0.8063145,-1.3502431,4
1.2589461,-1.2671562,4
0.6883452,-1.1129723,4
0.94249874,-0.82745427,4
1.0694457,-0.7228787,4
-0.25218484,-0.9139232,4
0.665394,-0.97570354,4
1.4073819,-1.2280641,4
0.99492574,-1.4498672,4
0.81106627,-1.5629213,4
0.9706579,-0.7858461,4
1.1248306,-0.7748291,4
0.501263,-0.917324,4
1.5754311,-0.5080172,4
0.7457493,-1.2403892,4
0.8430896,-0.93771785,4
0.6614221,-1.4740157,4
1.1664495,-0.58009535,4
1.7131921,-0.6100414,4
1.1239682,-1.2079321,4
1.4991816,-0.77648413,4
0.5862503,-1.1350139,4
1.1497598,-1.5181242,4
0.60721856,-1.2603568,4
1.0919532,-1.4684738,4
1.9000956,-1.2204989,4
0.8839611,-1.193533,4
0.5324214,-0.66059947,4
0.84955615,-0.7512409,4
0.4992411,-1.0265617,4
0.9172871,-1.3099997,4
1.8986382,-1.2934195,4
1.8484653,-1.1634337,4
0.66208124,-1.5250742,4
0.8893349,-0.9919175,4
1.6353848,-1.0500605,4
0.6603983,-1.1666229,4
1.3501863,-1.3571968,4
0.4942367,-0.9492345,4
0.9841622,-1.2938023,4
1.2298656,-0.35509005,4
0.56809646,-0.60586816,4
1.1638665,0.029946862,4
0.90478444,-1.3510778,4
1.3336741,-1.256344,4
0.9692845,-0.983134,4
1.3658518,-1.7248707,4
1.3297985,-0.66898173,4
0.5930086,-0.9613708,4
0.82672584,-1.7709988,4
1.017478,-0.7024997,4
0.40395918,-0.95274454,4
1.0149789,-0.8960142,4
0.86457485,-1.7039396,4
0.88612026,-1.1382439,4
